Index,F Min,F Max,GDD-Daily,GDD Cum,GDD 3 Day,GDD 4 Day,GDD 5 Day,GDD 6 Day,At Risk
1/1/2010,46.04,59,4.5,4.5,4.5,4.5,,,FALSE
1/2/2010,44.06,59,4.5,9,9,9,,,FALSE
1/3/2010,37.04,57.02,3.5,12.5,12.5,12.5,,,FALSE
1/4/2010,35.96,55.04,2.5,15,10.5,15,,,FALSE
1/5/2010,37.04,57.92,4,19,10,14.5,19,,FALSE
1/6/2010,37.94,57.92,4,23,10.5,14,18.5,23,FALSE
1/7/2010,39.02,57.92,4,27,12,14.5,18,22.5,FALSE
1/8/2010,,,,,,,,,FALSE
1/9/2010,41,57.92,4,35,12,16,20,22.5,FALSE
1/10/2010,35.96,55.04,2.5,37.5,10.5,14.5,18.5,22.5,FALSE
1/11/2010,42.08,57.92,4,41.5,10.5,14.5,18.5,22.5,FALSE
1/12/2010,51.08,60.08,5.5,47,12,16,20,24,FALSE
1/13/2010,46.94,60.98,5.5,52.5,15,17.5,21.5,25.5,FALSE
1/14/2010,39.02,60.08,5,57.5,16,20,22.5,26.5,FALSE
1/15/2010,39.92,60.98,5.5,63,16,21.5,25.5,28,FALSE
1/16/2010,39.92,62.06,6,69,16.5,22,27.5,31.5,FALSE
1/17/2010,39.02,60.08,5,74,16.5,21.5,27,32.5,FALSE
1/18/2010,39.92,60.08,5,79,16,21.5,26.5,32,FALSE
1/19/2010,37.04,53.96,2,81,12,18,23.5,28.5,FALSE
1/20/2010,46.04,51.08,0.5,81.5,7.5,12.5,18.5,24,FALSE
1/21/2010,42.08,48.02,0,81.5,2.5,7.5,12.5,18.5,FALSE
1/22/2010,39.92,57.92,4,85.5,4.5,6.5,11.5,16.5,FALSE
1/23/2010,37.94,53.96,2,87.5,6,6.5,8.5,13.5,FALSE
1/24/2010,37.94,51.98,1,88.5,7,7,7.5,9.5,FALSE
1/25/2010,39.92,57.02,3.5,92,6.5,10.5,10.5,11,FALSE
1/26/2010,41,53.06,1.5,93.5,6,8,12,12,FALSE
1/27/2010,39.92,55.04,2.5,96,7.5,8.5,10.5,14.5,FALSE
1/28/2010,39.02,57.02,3.5,99.5,7.5,11,12,14,FALSE
1/29/2010,41,62.06,6,105.5,12,13.5,17,18,FALSE
1/30/2010,37.94,57.02,3.5,109,13,15.5,17,20.5,FALSE
1/31/2010,39.92,59,4.5,113.5,14,17.5,20,21.5,FALSE
2/1/2010,39.92,60.98,5.5,119,13.5,19.5,23,25.5,FALSE
2/2/2010,42.98,57.92,4,123,14,17.5,23.5,27,FALSE
2/3/2010,48.02,57.92,4,127,13.5,18,21.5,27.5,FALSE
2/4/2010,-1767.82,57.02,3.5,130.5,11.5,17,21.5,25,FALSE
2/6/2010,42.08,60.98,5.5,136,13,17,22.5,27,FALSE
2/7/2010,46.04,57.02,3.5,139.5,12.5,16.5,20.5,26,FALSE
2/9/2010,39.92,55.04,2.5,142,11.5,15,19,23,FALSE
2/10/2010,37.04,57.02,3.5,145.5,9.5,15,18.5,22.5,FALSE
2/11/2010,39.02,60.98,5.5,151,11.5,15,20.5,24,FALSE
2/12/2010,44.96,62.96,6.5,157.5,15.5,18,21.5,27,FALSE
2/13/2010,41,64.94,7.5,165,19.5,23,25.5,29,FALSE
2/14/2010,39.92,64.04,7,172,21,26.5,30,32.5,FALSE
2/15/2010,41,66.92,8.5,180.5,23,29.5,35,38.5,FALSE
2/16/2010,46.94,66.92,8.5,189,24,31.5,38,43.5,FALSE
2/18/2010,44.06,68,9,198,26,33,40.5,47,FALSE
2/19/2010,42.98,68,9,207,26.5,35,42,49.5,FALSE
2/20/2010,46.04,57.02,3.5,210.5,21.5,30,38.5,45.5,FALSE
2/21/2010,46.94,53.96,2,212.5,14.5,23.5,32,40.5,FALSE
2/22/2010,42.08,57.02,3.5,216,9,18,27,35.5,FALSE
2/23/2010,42.08,51.08,0.5,216.5,6,9.5,18.5,27.5,FALSE
2/24/2010,46.04,60.98,5.5,222,9.5,11.5,15,24,FALSE
2/25/2010,44.06,66.02,8,230,14,17.5,19.5,23,FALSE
2/26/2010,48.02,57.92,4,234,17.5,18,21.5,23.5,FALSE
2/27/2010,46.94,59,4.5,238.5,16.5,22,22.5,26,FALSE
2/28/2010,39.92,66.92,8.5,247,17,25,30.5,31,FALSE
3/2/2010,44.96,60.08,5,252,18,22,30,35.5,FALSE
3/3/2010,46.04,55.04,2.5,254.5,16,20.5,24.5,32.5,FALSE
3/4/2010,37.04,53.06,1.5,256,9,17.5,22,26,FALSE
3/5/2010,37.94,57.92,4,260,8,13,21.5,26,FALSE
3/6/2010,44.96,62.96,6.5,266.5,12,14.5,19.5,28,FALSE
3/7/2010,48.02,62.96,6.5,273,17,18.5,21,26,FALSE
3/8/2010,46.04,53.06,1.5,274.5,14.5,18.5,20,22.5,FALSE
3/9/2010,37.04,55.94,3,277.5,11,17.5,21.5,23,FALSE
3/10/2010,37.04,55.94,3,280.5,7.5,14,20.5,24.5,FALSE
3/11/2010,35.06,62.96,6.5,287,12.5,14,20.5,27,FALSE
3/12/2010,35.96,62.96,6.5,293.5,16,19,20.5,27,FALSE
3/14/2010,37.04,64.04,7,300.5,20,23,26,27.5,FALSE
3/15/2010,37.94,73.94,12,312.5,25.5,32,35,38,FALSE
3/16/2010,42.98,71.96,11,323.5,30,36.5,43,46,FALSE
3/17/2010,48.02,75.02,12.5,336,35.5,42.5,49,55.5,FALSE
3/18/2010,50,78.08,14,350,37.5,49.5,56.5,63,FALSE
3/19/2010,44.06,82.04,15,365,41.5,52.5,64.5,71.5,FALSE
3/20/2010,41,75.92,13,378,42,54.5,65.5,77.5,FALSE
3/21/2010,42.98,69.98,10,388,38,52,64.5,75.5,FALSE
3/22/2010,44.06,71.96,11,399,34,49,63,75.5,FALSE
3/23/2010,42.98,73.94,12,411,33,46,61,75,FALSE
3/24/2010,42.98,73.94,12,423,35,45,58,73,FALSE
3/25/2010,44.96,66.92,8.5,431.5,32.5,43.5,53.5,66.5,FALSE
3/26/2010,42.98,64.94,7.5,439,28,40,51,61,FALSE
3/27/2010,39.02,73.04,11.5,450.5,27.5,39.5,51.5,62.5,FALSE
3/28/2010,42.98,75.92,13,463.5,32,40.5,52.5,64.5,FALSE
3/29/2010,44.96,69.98,10,473.5,34.5,42,50.5,62.5,FALSE
3/30/2010,41,60.98,5.5,479,28.5,40,47.5,56,FALSE
3/31/2010,42.08,57.02,3.5,482.5,19,32,43.5,51,FALSE
4/1/2010,37.94,57.02,3.5,486,12.5,22.5,35.5,47,FALSE
4/2/2010,39.02,57.02,3.5,489.5,10.5,16,26,39,FALSE
4/3/2010,37.94,57.02,3.5,493,10.5,14,19.5,29.5,FALSE
4/4/2010,37.94,55.04,2.5,495.5,9.5,13,16.5,22,FALSE
4/5/2010,37.94,59,4.5,500,10.5,14,17.5,21,FALSE
4/6/2010,37.94,62.96,6.5,506.5,13.5,17,20.5,24,FALSE
4/7/2010,39.92,71.96,11,517.5,22,24.5,28,31.5,FALSE
4/8/2010,39.92,66.92,8.5,526,26,30.5,33,36.5,FALSE
4/9/2010,39.92,69.98,10,536,29.5,36,40.5,43,FALSE
4/10/2010,50,57.92,4,540,22.5,33.5,40,44.5,FALSE
4/11/2010,46.04,55.04,2.5,542.5,16.5,25,36,42.5,FALSE
4/12/2010,42.98,57.02,3.5,546,10,20,28.5,39.5,FALSE
4/13/2010,46.94,59,4.5,550.5,10.5,14.5,24.5,33,FALSE
4/14/2010,44.06,62.96,6.5,557,14.5,17,21,31,FALSE
4/15/2010,41,71.06,10.5,567.5,21.5,25,27.5,31.5,FALSE
4/17/2010,44.06,71.96,11,578.5,28,32.5,36,38.5,FALSE
4/19/2010,42.98,78.08,14,592.5,35.5,42,46.5,50,FALSE
4/20/2010,46.94,60.98,5.5,598,30.5,41,47.5,52,FALSE
4/21/2010,42.08,60.08,5,603,24.5,35.5,46,52.5,FALSE
4/22/2010,42.08,66.02,8,611,18.5,32.5,43.5,54,FALSE
4/23/2010,48.92,73.04,11.5,622.5,24.5,30,44,55,FALSE
4/24/2010,46.94,73.04,11.5,634,31,36,41.5,55.5,FALSE
4/25/2010,44.96,80.96,15,649,38,46,51,56.5,FALSE
4/26/2010,44.06,75.92,13,662,39.5,51,59,64,FALSE
4/27/2010,53.96,62.96,8.5,670.5,36.5,48,59.5,67.5,FALSE
4/28/2010,46.04,57.92,4,674.5,25.5,40.5,52,63.5,FALSE
4/29/2010,42.98,60.98,5.5,680,18,31,46,57.5,FALSE
4/30/2010,44.06,68,9,689,18.5,27,40,55,FALSE
5/1/2010,42.08,71.06,10.5,699.5,25,29,37.5,50.5,FALSE
5/2/2010,44.96,73.04,11.5,711,31,36.5,40.5,49,FALSE
5/3/2010,55.04,84.02,17.5,728.5,39.5,48.5,54,58,FALSE
5/4/2010,46.94,75.92,13,741.5,42,52.5,61.5,67,FALSE
5/5/2010,44.06,75.92,13,754.5,43.5,55,65.5,74.5,FALSE
5/6/2010,48.02,71.96,11,765.5,37,54.5,66,76.5,FALSE
5/7/2010,48.02,71.06,10.5,776,34.5,47.5,65,76.5,FALSE
5/8/2010,42.98,69.08,9.5,785.5,31,44,57,74.5,FALSE
5/9/2010,51.08,69.08,10,795.5,30,41,54,67,FALSE
5/10/2010,48.92,55.94,3,798.5,22.5,33,44,57,FALSE
5/11/2010,41,66.92,8.5,807,21.5,31,41.5,52.5,FALSE
5/12/2010,44.06,68,9,816,20.5,30.5,40,50.5,FALSE
5/13/2010,44.06,68,9,825,26.5,29.5,39.5,49,FALSE
5/14/2010,51.98,71.06,11.5,836.5,29.5,38,41,51,FALSE
5/15/2010,51.08,73.94,12.5,849,33,42,50.5,53.5,FALSE
5/16/2010,50,73.94,12,861,36,45,54,62.5,FALSE
5/17/2010,51.08,73.94,12.5,873.5,37,48.5,57.5,66.5,FALSE
5/18/2010,53.06,68,10.5,884,35,47.5,59,68,FALSE
5/19/2010,50,69.98,10,894,33,45,57.5,69,FALSE
5/20/2010,46.04,69.98,10,904,30.5,43,55,67.5,FALSE
5/21/2010,42.08,69.98,10,914,30,40.5,53,65,FALSE
5/22/2010,42.08,62.96,6.5,920.5,26.5,36.5,47,59.5,FALSE
5/23/2010,42.98,64.94,7.5,928,24,34,44,54.5,FALSE
5/24/2010,42.98,66.92,8.5,936.5,22.5,32.5,42.5,52.5,FALSE
5/25/2010,42.98,66.92,8.5,945,24.5,31,41,51,FALSE
5/26/2010,46.04,66.92,8.5,953.5,25.5,33,39.5,49.5,FALSE
5/27/2010,48.92,62.06,6,959.5,23,31.5,39,45.5,FALSE
5/28/2010,42.98,66.92,8.5,968,23,31.5,40,47.5,FALSE
5/29/2010,48.02,78.98,14.5,982.5,29,37.5,46,54.5,FALSE
5/30/2010,48.02,84.92,15,997.5,38,44,52.5,61,FALSE
5/31/2010,51.98,73.94,13,1010.5,42.5,51,57,65.5,FALSE
6/1/2010,51.98,73.94,13,1023.5,41,55.5,64,70,FALSE
6/2/2010,51.98,78.98,15.5,1039,41.5,56.5,71,79.5,FALSE
6/3/2010,51.98,78.98,15.5,1054.5,44,57,72,86.5,FALSE
6/4/2010,59,82.94,19.5,1074,50.5,63.5,76.5,91.5,FALSE
6/5/2010,59,84.92,19.5,1093.5,54.5,70,83,96,TRUE
6/6/2010,59,82.04,19.5,1113,58.5,74,89.5,102.5,TRUE
6/7/2010,55.04,73.94,14.5,1127.5,53.5,73,88.5,104,TRUE
6/8/2010,55.94,71.96,14,1141.5,48,67.5,87,102.5,TRUE
6/9/2010,53.96,71.96,13,1154.5,41.5,61,80.5,100,FALSE
6/10/2010,51.98,69.98,11,1165.5,38,52.5,72,91.5,FALSE
6/11/2010,48.92,82.04,15,1180.5,39,53,67.5,87,FALSE
6/12/2010,48.92,89.06,15,1195.5,41,54,68,82.5,FALSE
6/13/2010,39.92,91.04,15,1210.5,45,56,69,83,FALSE
6/16/2010,46.94,80.96,15,1225.5,45,60,71,84,FALSE
6/17/2010,48.92,82.94,15,1240.5,45,60,75,86,FALSE
6/18/2010,48.02,71.96,11,1251.5,41,56,71,86,FALSE
6/19/2010,46.94,69.08,9.5,1261,35.5,50.5,65.5,80.5,FALSE
6/20/2010,46.04,75.92,13,1274,33.5,48.5,63.5,78.5,FALSE
6/21/2010,51.08,84.92,15.5,1289.5,38,49,64,79,FALSE
6/22/2010,53.06,82.04,16.5,1306,45,54.5,65.5,80.5,FALSE
6/23/2010,53.96,87.08,17,1323,49,62,71.5,82.5,FALSE
6/25/2010,53.96,73.94,14,1337,47.5,63,76,85.5,FALSE
6/26/2010,60.08,82.94,20,1357,51,67.5,83,96,TRUE
6/27/2010,55.94,93.92,18,1375,52,69,85.5,101,TRUE
6/28/2010,59,89.96,19.5,1394.5,57.5,71.5,88.5,105,TRUE
6/30/2010,53.06,80.06,16.5,1411,54,74,88,105,TRUE
7/1/2010,48.92,78.08,14,1425,50,68,88,102,TRUE
7/2/2010,51.98,78.08,15,1440,45.5,65,83,103,TRUE
7/3/2010,53.96,87.98,17,1457,46,62.5,82,100,TRUE
7/4/2010,53.06,89.06,16.5,1473.5,48.5,62.5,79,98.5,FALSE
7/5/2010,53.06,84.92,16.5,1490,50,65,79,95.5,FALSE
7/6/2010,53.06,75.92,14.5,1504.5,47.5,64.5,79.5,93.5,FALSE
7/7/2010,53.06,80.06,16.5,1521,47.5,64,81,96,FALSE
7/8/2010,57.92,75.02,16.5,1537.5,47.5,64,80.5,97.5,FALSE
7/9/2010,55.94,75.02,15.5,1553,48.5,63,79.5,96,FALSE
7/10/2010,53.96,86,17,1570,49,65.5,80,96.5,FALSE
7/11/2010,57.02,82.94,18.5,1588.5,51,67.5,84,98.5,TRUE
7/12/2010,55.94,84.02,18,1606.5,53.5,69,85.5,102,TRUE
7/13/2010,57.02,84.02,18.5,1625,55,72,87.5,104,TRUE
7/14/2010,55.04,87.98,17.5,1642.5,54,72.5,89.5,105,TRUE
7/15/2010,60.08,91.94,20,1662.5,56,74,92.5,109.5,TRUE
7/16/2010,59,89.06,19.5,1682,57,75.5,93.5,112,TRUE
7/17/2010,59,86,19.5,1701.5,59,76.5,95,113,TRUE
7/18/2010,-1767.82,87.08,15,1716.5,54,74,91.5,110,FALSE
7/19/2010,51.98,86,16,1732.5,50.5,70,90,107.5,FALSE
7/20/2010,53.96,80.96,17,1749.5,48,67.5,87,107,FALSE
7/21/2010,53.06,78.98,16,1765.5,49,64,83.5,103,FALSE
7/22/2010,53.06,84.92,16.5,1782,49.5,65.5,80.5,100,FALSE
7/23/2010,55.94,80.96,18,1800,50.5,67.5,83.5,98.5,TRUE
7/24/2010,57.92,82.04,19,1819,53.5,69.5,86.5,102.5,TRUE
7/25/2010,57.02,78.98,18,1837,55,71.5,87.5,104.5,TRUE
7/26/2010,53.96,77,15.5,1852.5,52.5,70.5,87,103,TRUE
7/27/2010,55.04,77,16,1868.5,49.5,68.5,86.5,103,TRUE
7/28/2010,53.06,75.02,14,1882.5,45.5,63.5,82.5,100.5,TRUE
7/29/2010,57.02,80.06,18.5,1901,48.5,64,82,101,TRUE
7/30/2010,55.94,78.08,17,1918,49.5,65.5,81,99,FALSE
7/31/2010,50,80.96,15,1933,50.5,64.5,80.5,96,FALSE
8/1/2010,53.06,82.04,16.5,1949.5,48.5,67,81,97,FALSE
8/2/2010,51.98,82.04,16,1965.5,47.5,64.5,83,97,TRUE
8/3/2010,51.98,82.94,16,1981.5,48.5,63.5,80.5,99,FALSE
8/4/2010,51.98,82.94,16,1997.5,48,64.5,79.5,96.5,FALSE
8/5/2010,53.06,82.04,16.5,2014,48.5,64.5,81,96,FALSE
8/6/2010,53.96,82.94,17,2031,49.5,65.5,81.5,98,FALSE
8/7/2010,53.06,82.04,16.5,2047.5,50,66,82,98,TRUE
8/8/2010,51.08,75.92,13.5,2061,47,63.5,79.5,95.5,FALSE
8/9/2010,55.94,80.06,18,2079,48,65,81.5,97.5,FALSE
8/10/2010,53.96,82.04,17,2096,48.5,65,82,98.5,TRUE
8/11/2010,55.04,78.98,17,2113,52,65.5,82,99,TRUE
8/12/2010,51.98,80.96,16,2129,50,68,81.5,98,FALSE
8/13/2010,51.98,78.08,15,2144,48,65,83,96.5,TRUE
8/14/2010,51.98,78.08,15,2159,46,63,80,98,FALSE
8/15/2010,55.94,73.94,15,2174,45,61,78,95,FALSE
8/16/2010,55.94,78.98,17.5,2191.5,47.5,62.5,78.5,95.5,FALSE
8/17/2010,55.94,75.02,15.5,2207,48,63,78,94,FALSE
8/18/2010,57.92,75.92,17,2224,50,65,80,95,FALSE
8/19/2010,55.94,86,18,2242,50.5,68,83,98,TRUE
8/20/2010,55.94,80.96,18,2260,53,68.5,86,101,TRUE
8/21/2010,55.04,71.96,13.5,2273.5,49.5,66.5,82,99.5,TRUE
8/23/2010,-1767.82,91.94,15,2288.5,46.5,64.5,81.5,97,FALSE
8/24/2010,57.92,102.02,19,2307.5,47.5,65.5,83.5,100.5,FALSE
8/25/2010,64.94,100.04,22.5,2330,56.5,70,88,106,FALSE
8/26/2010,59,82.04,19.5,2349.5,61,76,89.5,107.5,FALSE
8/27/2010,48.02,78.98,14.5,2364,56.5,75.5,90.5,104,FALSE
8/28/2010,46.04,71.06,10.5,2374.5,44.5,67,86,101,FALSE
8/29/2010,48.92,75.92,13,2387.5,38,57.5,80,99,FALSE
8/30/2010,46.04,73.04,11.5,2399,35,49.5,69,91.5,FALSE
8/31/2010,46.94,84.92,15,2414,39.5,50,64.5,84,FALSE
9/1/2010,46.94,91.94,15,2429,41.5,54.5,65,79.5,FALSE
9/2/2010,59,96.08,19.5,2448.5,49.5,61,74,84.5,FALSE
9/3/2010,53.96,87.98,17,2465.5,51.5,66.5,78,91,FALSE
9/4/2010,55.94,84.02,18,2483.5,54.5,69.5,84.5,96,TRUE
9/5/2010,51.08,82.94,15.5,2499,50.5,70,85,100,TRUE
9/6/2010,51.98,91.04,16,2515,49.5,66.5,86,101,TRUE
9/7/2010,53.06,91.04,16.5,2531.5,48,66,83,102.5,TRUE
9/8/2010,55.94,69.08,12.5,2544,45,60.5,78.5,95.5,FALSE
9/9/2010,48.92,75.02,12.5,2556.5,41.5,57.5,73,91,FALSE
9/10/2010,48.92,82.04,15,2571.5,40,56.5,72.5,88,FALSE
9/11/2010,51.98,86,16,2587.5,43.5,56,72.5,88.5,FALSE
9/12/2010,51.98,77,14.5,2602,45.5,58,70.5,87,FALSE
9/13/2010,51.98,73.94,13,2615,43.5,58.5,71,83.5,FALSE
9/14/2010,51.08,75.02,13,2628,40.5,56.5,71.5,84,FALSE
9/15/2010,51.98,75.02,13.5,2641.5,39.5,54,70,85,FALSE
9/16/2010,51.08,77,14,2655.5,40.5,53.5,68,84,FALSE
9/18/2010,53.96,75.92,15,2670.5,42.5,55.5,68.5,83,FALSE
9/19/2010,55.04,73.94,14.5,2685,43.5,57,70,83,FALSE
9/20/2010,55.04,78.98,17,2702,46.5,60.5,74,87,FALSE
9/21/2010,48.92,75.02,12.5,2714.5,44,59,73,86.5,FALSE
9/23/2010,46.04,84.02,15,2729.5,44.5,59,74,88,FALSE
9/24/2010,46.04,86,15,2744.5,42.5,59.5,74,89,FALSE
9/25/2010,53.06,93.02,16.5,2761,46.5,59,76,90.5,FALSE
9/26/2010,53.96,89.96,17,2778,48.5,63.5,76,93,FALSE
9/27/2010,53.06,96.08,16.5,2794.5,50,65,80,92.5,FALSE
9/28/2010,59,98.06,19.5,2814,53,69.5,84.5,99.5,TRUE
9/29/2010,60.98,95,20.5,2834.5,56.5,73.5,90,105,TRUE
9/30/2010,55.94,84.02,18,2852.5,58,74.5,91.5,108,TRUE
10/1/2010,57.92,75.02,16.5,2869,55,74.5,91,108,TRUE
10/2/2010,59,78.08,18.5,2887.5,53,73.5,93,109.5,TRUE
10/3/2010,57.92,73.94,16,2903.5,51,69,89.5,109,TRUE
10/4/2010,48.92,68,9,2912.5,43.5,60,78,98.5,FALSE
10/5/2010,53.96,71.96,13,2925.5,38,56.5,73,91,FALSE
10/6/2010,48.92,75.92,13,2938.5,35,51,69.5,86,FALSE
10/7/2010,48.92,69.98,10,2948.5,36,45,61,79.5,FALSE
10/8/2010,48.92,75.92,13,2961.5,36,49,58,74,FALSE
10/9/2010,48.92,78.98,14.5,2976,37.5,50.5,63.5,72.5,FALSE
10/10/2010,48.92,82.04,15,2991,42.5,52.5,65.5,78.5,FALSE
10/11/2010,53.96,86,17,3008,46.5,59.5,69.5,82.5,FALSE
10/12/2010,53.96,89.06,17,3025,49,63.5,76.5,86.5,FALSE
10/13/2010,55.04,91.04,17.5,3042.5,51.5,66.5,81,94,FALSE
10/14/2010,57.92,91.04,19,3061.5,53.5,70.5,85.5,100,TRUE
10/15/2010,53.96,84.92,17,3078.5,53.5,70.5,87.5,102.5,TRUE
10/16/2010,53.06,84.92,16.5,3095,52.5,70,87,104,TRUE
10/17/2010,53.06,55.94,4.5,3099.5,38,57,74.5,91.5,FALSE
10/18/2010,51.98,66.92,9.5,3109,30.5,47.5,66.5,84,FALSE
10/19/2010,48.02,73.94,12,3121,26,42.5,59.5,78.5,FALSE
10/20/2010,50,69.08,9.5,3130.5,31,35.5,52,69,FALSE
10/21/2010,46.94,66.02,8,3138.5,29.5,39,43.5,60,FALSE
10/22/2010,51.98,64.04,8,3146.5,25.5,37.5,47,51.5,FALSE
10/23/2010,50,62.96,6.5,3153,22.5,32,44,53.5,FALSE
10/24/2010,55.94,66.92,11.5,3164.5,26,34,43.5,55.5,FALSE
10/25/2010,50,66.92,8.5,3173,26.5,34.5,42.5,52,FALSE
10/26/2010,44.06,66.92,8.5,3181.5,28.5,35,43,51,FALSE
10/27/2010,37.94,68,9,3190.5,26,37.5,44,52,FALSE
10/28/2010,46.94,73.04,11.5,3202,29,37.5,49,55.5,FALSE
10/29/2010,51.08,64.94,8,3210,28.5,37,45.5,57,FALSE
10/30/2010,51.08,64.94,8,3218,27.5,36.5,45,53.5,FALSE
10/31/2010,46.04,69.08,9.5,3227.5,25.5,37,46,54.5,FALSE
11/1/2010,46.04,71.06,10.5,3238,28,36,47.5,56.5,FALSE
11/2/2010,46.94,75.92,13,3251,33,41,49,60.5,FALSE
11/3/2010,48.92,78.08,14,3265,37.5,47,55,63,FALSE
11/4/2010,51.08,80.96,15.5,3280.5,42.5,53,62.5,70.5,FALSE
11/5/2010,51.98,69.98,11,3291.5,40.5,53.5,64,73.5,FALSE
11/7/2010,53.96,66.92,10.5,3302,37,51,64,74.5,FALSE
11/8/2010,42.98,60.08,5,3307,26.5,42,56,69,FALSE
11/9/2010,37.94,60.08,5,3312,20.5,31.5,47,61,FALSE
11/10/2010,37.94,60.08,5,3317,15,25.5,36.5,52,FALSE
11/11/2010,42.08,64.04,7,3324,17,22,32.5,43.5,FALSE
11/12/2010,37.94,66.92,8.5,3332.5,20.5,25.5,30.5,41,FALSE
11/13/2010,44.06,69.98,10,3342.5,25.5,30.5,35.5,40.5,FALSE
11/14/2010,48.02,75.02,12.5,3355,31,38,43,48,FALSE
11/15/2010,51.08,75.92,13.5,3368.5,36,44.5,51.5,56.5,FALSE
11/16/2010,46.94,71.96,11,3379.5,37,47,55.5,62.5,FALSE
11/17/2010,41,71.96,11,3390.5,35.5,48,58,66.5,FALSE
11/18/2010,39.02,60.98,5.5,3396,27.5,41,53.5,63.5,FALSE
11/19/2010,39.02,60.98,5.5,3401.5,22,33,46.5,59,FALSE
11/20/2010,37.94,53.06,1.5,3403,12.5,23.5,34.5,48,FALSE
11/21/2010,37.94,53.06,1.5,3404.5,8.5,14,25,36,FALSE
11/22/2010,39.92,55.94,3,3407.5,6,11.5,17,28,FALSE
11/23/2010,37.94,53.06,1.5,3409,6,7.5,13,18.5,FALSE
11/24/2010,30.02,48.02,0,3409,4.5,6,7.5,13,FALSE
11/25/2010,28.94,50,0,3409,1.5,4.5,6,7.5,FALSE
11/26/2010,28.94,-1767.82,0,3409,0,1.5,4.5,6,FALSE
11/27/2010,-1767.82,51.98,1,3410,1,1,2.5,5.5,FALSE
11/28/2010,35.06,51.08,0.5,3410.5,1.5,1.5,1.5,3,FALSE
11/29/2010,30.92,53.06,1.5,3412,3,3,3,3,FALSE
11/30/2010,30.92,53.96,2,3414,4,5,5,5,FALSE
12/1/2010,32,55.04,2.5,3416.5,6,6.5,7.5,7.5,FALSE
12/2/2010,35.96,57.02,3.5,3420,8,9.5,10,11,FALSE
12/3/2010,44.06,55.94,3,3423,9,11,12.5,13,FALSE
12/4/2010,46.04,60.08,5,3428,11.5,14,16,17.5,FALSE
12/5/2010,44.06,66.92,8.5,3436.5,16.5,20,22.5,24.5,FALSE
12/6/2010,46.94,60.08,5,3441.5,18.5,21.5,25,27.5,FALSE
12/7/2010,39.02,62.96,6.5,3448,20,25,28,31.5,FALSE
12/8/2010,44.96,57.02,3.5,3451.5,15,23.5,28.5,31.5,FALSE
12/9/2010,46.04,62.06,6,3457.5,16,21,29.5,34.5,FALSE
12/10/2010,53.96,64.94,9.5,3467,19,25.5,30.5,39,FALSE
12/11/2010,53.06,64.04,8.5,3475.5,24,27.5,34,39,FALSE
12/12/2010,50,62.96,6.5,3482,24.5,30.5,34,40.5,FALSE
12/13/2010,46.94,62.96,6.5,3488.5,21.5,31,37,40.5,FALSE
12/14/2010,48.92,59,4.5,3493,17.5,26,35.5,41.5,FALSE
12/15/2010,44.06,53.96,2,3495,13,19.5,28,37.5,FALSE
12/16/2010,33.08,55.94,3,3498,9.5,16,22.5,31,FALSE
12/17/2010,46.04,55.04,2.5,3500.5,7.5,12,18.5,25,FALSE
12/18/2010,53.06,57.92,5.5,3506,11,13,17.5,24,FALSE
12/19/2010,48.02,57.92,4,3510,12,15,17,21.5,FALSE
12/20/2010,46.04,51.08,0.5,3510.5,10,12.5,15.5,17.5,FALSE
12/21/2010,-1767.82,57.02,3.5,3514,8,13.5,16,19,FALSE
12/22/2010,48.02,55.94,3,3517,7,11,16.5,19,FALSE
12/23/2010,42.08,57.92,4,3521,10.5,11,15,20.5,FALSE
12/24/2010,46.94,59,4.5,3525.5,11.5,15,15.5,19.5,FALSE
12/25/2010,48.02,55.94,3,3528.5,11.5,14.5,18,18.5,FALSE
12/26/2010,42.08,57.02,3.5,3532,11,15,18,21.5,FALSE
12/27/2010,39.92,55.94,3,3535,9.5,14,18,21,FALSE
12/28/2010,44.06,55.04,2.5,3537.5,9,12,16.5,20.5,FALSE
12/29/2010,41,51.08,0.5,3538,6,9.5,12.5,17,FALSE
12/30/2010,35.06,51.08,0.5,3538.5,3.5,6.5,10,13,FALSE
12/31/2010,30.92,50,0,3538.5,1,3.5,6.5,10,FALSE
1/1/2011,30.92,50,0,3538.5,0.5,1,3.5,6.5,FALSE
1/2/2011,46.04,51.08,0.5,3539,0.5,1,1.5,4,FALSE
1/3/2011,35.96,53.96,2,3541,2.5,2.5,3,3.5,FALSE
1/4/2011,33.98,53.96,2,3543,4.5,4.5,4.5,5,FALSE
1/5/2011,32,53.06,1.5,3544.5,5.5,6,6,6,FALSE
1/6/2011,32,51.98,1,3545.5,4.5,6.5,7,7,FALSE
1/8/2011,35.06,46.04,0,3545.5,2.5,4.5,6.5,7,FALSE
1/9/2011,33.98,46.94,0,3545.5,1,2.5,4.5,6.5,FALSE
1/10/2011,28.94,48.92,0,3545.5,0,1,2.5,4.5,FALSE
1/11/2011,37.94,48.92,0,3545.5,0,0,1,2.5,FALSE
1/12/2011,39.92,57.02,3.5,3549,3.5,3.5,3.5,4.5,FALSE
1/13/2011,41,59,4.5,3553.5,8,8,8,8,FALSE
1/14/2011,46.94,60.98,5.5,3559,13.5,13.5,13.5,13.5,FALSE
1/15/2011,44.06,69.08,9.5,3568.5,19.5,23,23,23,FALSE
1/16/2011,42.98,62.96,6.5,3575,21.5,26,29.5,29.5,FALSE
1/17/2011,42.08,60.08,5,3580,21,26.5,31,34.5,FALSE
1/18/2011,41,66.92,8.5,3588.5,20,29.5,35,39.5,FALSE
1/19/2011,42.08,68,9,3597.5,22.5,29,38.5,44,FALSE
1/20/2011,39.92,62.96,6.5,3604,24,29,35.5,45,FALSE
1/21/2011,37.04,64.04,7,3611,22.5,31,36,42.5,FALSE
1/22/2011,42.98,68,9,3620,22.5,31.5,40,45,FALSE
1/23/2011,42.08,68,9,3629,25,31.5,40.5,49,FALSE
1/24/2011,37.04,69.08,9.5,3638.5,27.5,34.5,41,50,FALSE
1/25/2011,39.02,66.02,8,3646.5,26.5,35.5,42.5,49,FALSE
1/26/2011,39.02,66.92,8.5,3655,26,35,44,51,FALSE
1/27/2011,39.02,66.92,8.5,3663.5,25,34.5,43.5,52.5,FALSE
1/28/2011,37.94,53.06,1.5,3665,18.5,26.5,36,45,FALSE
1/29/2011,46.94,57.92,4,3669,14,22.5,30.5,40,FALSE
1/30/2011,48.02,53.06,1.5,3670.5,7,15.5,24,32,FALSE
1/31/2011,37.94,59,4.5,3675,10,11.5,20,28.5,FALSE
2/1/2011,42.98,62.06,6,3681,12,16,17.5,26,FALSE
2/2/2011,35.96,60.08,5,3686,15.5,17,21,22.5,FALSE
2/3/2011,33.98,60.98,5.5,3691.5,16.5,21,22.5,26.5,FALSE
2/4/2011,37.04,68,9,3700.5,19.5,25.5,30,31.5,FALSE
2/5/2011,42.08,73.04,11.5,3712,26,31,37,41.5,FALSE
2/6/2011,48.92,73.94,12,3724,32.5,38,43,49,FALSE
2/7/2011,42.08,71.06,10.5,3734.5,34,43,48.5,53.5,FALSE
2/8/2011,44.06,60.08,5,3739.5,27.5,39,48,53.5,FALSE
2/9/2011,35.96,60.08,5,3744.5,20.5,32.5,44,53,FALSE
2/10/2011,33.98,62.06,6,3750.5,16,26.5,38.5,50,FALSE
2/11/2011,33.98,66.92,8.5,3759,19.5,24.5,35,47,FALSE
2/12/2011,35.96,71.06,10.5,3769.5,25,30,35,45.5,FALSE
2/13/2011,37.04,71.06,10.5,3780,29.5,35.5,40.5,45.5,FALSE
2/14/2011,46.04,64.94,7.5,3787.5,28.5,37,43,48,FALSE
2/15/2011,46.04,64.94,7.5,3795,25.5,36,44.5,50.5,FALSE
2/16/2011,42.98,55.04,2.5,3797.5,17.5,28,38.5,47,FALSE
2/17/2011,41,55.04,2.5,3800,12.5,20,30.5,41,FALSE
2/18/2011,39.92,44.96,0,3800,5,12.5,20,30.5,FALSE
2/19/2011,35.96,42.98,0,3800,2.5,5,12.5,20,FALSE
2/20/2011,33.98,51.98,1,3801,1,3.5,6,13.5,FALSE
2/22/2011,33.98,57.02,3.5,3804.5,4.5,4.5,7,9.5,FALSE
2/23/2011,33.98,55.94,3,3807.5,7.5,7.5,7.5,10,FALSE
2/24/2011,35.06,53.06,1.5,3809,8,9,9,9,FALSE
2/25/2011,37.04,51.98,1,3810,5.5,9,10,10,FALSE
2/26/2011,30.02,46.04,0,3810,2.5,5.5,9,10,FALSE
2/27/2011,28.94,57.92,4,3814,5,6.5,9.5,13,FALSE
2/28/2011,30.92,55.94,3,3817,7,8,9.5,12.5,FALSE
3/1/2011,32,57.92,4,3821,11,11,12,13.5,FALSE
3/2/2011,46.04,57.02,3.5,3824.5,10.5,14.5,14.5,15.5,FALSE
3/4/2011,39.02,68,9,3833.5,16.5,19.5,23.5,23.5,FALSE
3/5/2011,37.94,66.92,8.5,3842,21,25,28,32,FALSE
3/6/2011,39.02,62.06,6,3848,23.5,27,31,34,FALSE
3/7/2011,48.02,57.92,4,3852,18.5,27.5,31,35,FALSE
3/8/2011,48.92,60.98,5.5,3857.5,15.5,24,33,36.5,FALSE
3/9/2011,42.08,66.02,8,3865.5,17.5,23.5,32,41,FALSE
3/10/2011,44.06,64.94,7.5,3873,21,25,31,39.5,FALSE
3/11/2011,42.98,59,4.5,3877.5,20,25.5,29.5,35.5,FALSE
3/13/2011,39.92,64.94,7.5,3885,19.5,27.5,33,37,FALSE
3/15/2011,39.92,68,9,3894,21,28.5,36.5,42,FALSE
3/16/2011,51.08,57.92,4.5,3898.5,21,25.5,33,41,FALSE
3/17/2011,37.94,62.96,6.5,3905,20,27.5,32,39.5,FALSE
3/18/2011,41,57.02,3.5,3908.5,14.5,23.5,31,35.5,FALSE
3/19/2011,42.98,48.92,0,3908.5,10,14.5,23.5,31,FALSE
3/20/2011,46.04,53.96,2,3910.5,5.5,12,16.5,25.5,FALSE
3/21/2011,42.08,55.94,3,3913.5,5,8.5,15,19.5,FALSE
3/22/2011,41,57.92,4,3917.5,9,9,12.5,19,FALSE
3/23/2011,46.04,53.96,2,3919.5,9,11,11,14.5,FALSE
3/24/2011,44.06,51.08,0.5,3920,6.5,9.5,11.5,11.5,FALSE
3/25/2011,42.08,55.94,3,3923,5.5,9.5,12.5,14.5,FALSE
3/26/2011,46.94,55.94,3,3926,6.5,8.5,12.5,15.5,FALSE
3/27/2011,39.02,60.98,5.5,3931.5,11.5,12,14,18,FALSE
3/28/2011,41,62.96,6.5,3938,15,18,18.5,20.5,FALSE
3/29/2011,42.98,66.92,8.5,3946.5,20.5,23.5,26.5,27,FALSE
3/30/2011,46.04,78.08,14,3960.5,29,34.5,37.5,40.5,FALSE
3/31/2011,53.06,82.94,16.5,3977,39,45.5,51,54,FALSE
5/1/2011,42.08,78.98,14.5,3991.5,45,53.5,60,65.5,FALSE
5/2/2011,44.06,78.08,14,4005.5,45,59,67.5,74,FALSE
5/3/2011,46.94,75.92,13,4018.5,41.5,58,72,80.5,FALSE
5/4/2011,48.92,87.08,15,4033.5,42,56.5,73,87,FALSE
5/5/2011,51.98,89.96,16,4049.5,44,58,72.5,89,FALSE
5/6/2011,-1767.82,-1767.82,0,4049.5,31,44,58,72.5,FALSE
5/7/2011,44.06,66.92,8.5,4058,24.5,39.5,52.5,66.5,FALSE
5/8/2011,50,60.08,5,4063,13.5,29.5,44.5,57.5,FALSE
5/9/2011,39.92,68,9,4072,22.5,22.5,38.5,53.5,FALSE
5/10/2011,42.98,75.92,13,4085,27,35.5,35.5,51.5,FALSE
5/11/2011,51.08,66.02,8.5,4093.5,30.5,35.5,44,44,FALSE
5/13/2011,44.06,73.94,12,4105.5,33.5,42.5,47.5,56,FALSE
5/14/2011,44.06,60.08,5,4110.5,25.5,38.5,47.5,52.5,FALSE
5/15/2011,42.98,57.02,3.5,4114,20.5,29,42,51,FALSE
5/16/2011,46.04,57.92,4,4118,12.5,24.5,33,46,FALSE
5/17/2011,46.94,55.94,3,4121,10.5,15.5,27.5,36,FALSE
5/18/2011,46.94,66.02,8,4129,15,18.5,23.5,35.5,FALSE
5/19/2011,42.08,75.92,13,4142,24,28,31.5,36.5,FALSE
5/20/2011,48.92,73.94,12,4154,33,36,40,43.5,FALSE
5/22/2011,44.96,71.96,11,4165,36,44,47,51,FALSE
5/23/2011,46.94,69.08,9.5,4174.5,32.5,45.5,53.5,56.5,FALSE
5/25/2011,44.96,64.04,7,4181.5,27.5,39.5,52.5,60.5,FALSE
5/26/2011,44.06,66.02,8,4189.5,24.5,35.5,47.5,60.5,FALSE
5/27/2011,48.92,69.98,10,4199.5,25,34.5,45.5,57.5,FALSE
5/29/2011,44.06,69.98,10,4209.5,28,35,44.5,55.5,FALSE
5/30/2011,46.04,66.92,8.5,4218,28.5,36.5,43.5,53,FALSE
5/31/2011,46.04,64.94,7.5,4225.5,26,36,44,51,FALSE
6/1/2011,51.08,60.98,6,4231.5,22,32,42,50,FALSE
6/2/2011,42.98,64.04,7,4238.5,20.5,29,39,49,FALSE
6/3/2011,42.98,64.04,7,4245.5,20,27.5,36,46,FALSE
6/4/2011,51.98,60.98,6.5,4252,20.5,26.5,34,42.5,FALSE
6/5/2011,51.98,64.94,8.5,4260.5,22,29,35,42.5,FALSE
6/6/2011,51.98,71.96,12,4272.5,27,34,41,47,FALSE
6/7/2011,55.04,78.08,16.5,4289,37,43.5,50.5,57.5,FALSE
6/8/2011,53.96,75.92,15,4304,43.5,52,58.5,65.5,FALSE
6/9/2011,53.06,78.98,16,4320,47.5,59.5,68,74.5,FALSE
6/10/2011,53.96,75.02,14.5,4334.5,45.5,62,74,82.5,FALSE
6/11/2011,48.02,64.04,7,4341.5,37.5,52.5,69,81,FALSE
6/12/2011,55.04,75.92,15.5,4357,37,53,68,84.5,FALSE
6/13/2011,51.08,75.92,13.5,4370.5,36,50.5,66.5,81.5,FALSE
6/14/2011,53.06,91.04,16.5,4387,45.5,52.5,67,83,FALSE
6/15/2011,55.94,89.06,18,4405,48,63.5,70.5,85,FALSE
6/16/2011,53.96,77,15.5,4420.5,50,63.5,79,86,FALSE
6/17/2011,48.92,77,13.5,4434,47,63.5,77,92.5,FALSE
6/18/2011,48.92,80.96,15,4449,44,62,78.5,92,FALSE
6/19/2011,48.92,87.98,15,4464,43.5,59,77,93.5,FALSE
6/20/2011,48.92,96.08,15,4479,45,58.5,74,92,FALSE
6/21/2011,60.08,96.98,20,4499,50,65,78.5,94,FALSE
6/22/2011,60.08,91.94,20,4519,55,70,85,98.5,TRUE
6/24/2011,50,82.04,15,4534,55,70,85,100,TRUE
6/25/2011,50,77,13.5,4547.5,48.5,68.5,83.5,98.5,TRUE
6/26/2011,50,80.96,15,4562.5,43.5,63.5,83.5,98.5,TRUE
6/28/2011,53.06,75.02,14,4576.5,42.5,57.5,77.5,97.5,FALSE
6/29/2011,53.06,75.02,14,4590.5,43,56.5,71.5,91.5,FALSE
6/30/2011,51.08,80.96,15.5,4606,43.5,58.5,72,87,FALSE
7/1/2011,53.06,91.04,16.5,4622.5,46,60,75,88.5,FALSE
7/2/2011,57.02,89.96,18.5,4641,50.5,64.5,78.5,93.5,FALSE
7/3/2011,57.02,96.08,18.5,4659.5,53.5,69,83,97,TRUE
7/4/2011,57.92,93.02,19,4678.5,56,72.5,88,102,TRUE
7/5/2011,55.04,93.02,17.5,4696,55,73.5,90,105.5,TRUE
7/6/2011,60.98,91.94,20.5,4716.5,57,75.5,94,110.5,TRUE
7/7/2011,57.92,91.94,19,4735.5,57,76,94.5,113,TRUE
7/8/2011,55.94,89.06,18,4753.5,57.5,75,94,112.5,TRUE
7/9/2011,53.06,80.96,16.5,4770,53.5,74,91.5,110.5,TRUE
7/10/2011,50,80.06,15,4785,49.5,68.5,89,106.5,TRUE
7/11/2011,53.06,78.98,16,4801,47.5,65.5,84.5,105,TRUE
7/12/2011,51.98,78.98,15.5,4816.5,46.5,63,81,100,FALSE
7/13/2011,50,73.04,11.5,4828,43,58,74.5,92.5,FALSE
7/15/2011,50,71.06,10.5,4838.5,37.5,53.5,68.5,85,FALSE
7/16/2011,57.02,75.02,16,4854.5,38,53.5,69.5,84.5,FALSE
7/17/2011,59,73.04,16,4870.5,42.5,54,69.5,85.5,FALSE
7/18/2011,51.98,80.06,16,4886.5,48,58.5,70,85.5,FALSE
7/19/2011,60.08,80.06,20,4906.5,52,68,78.5,90,FALSE
7/20/2011,55.04,91.94,17.5,4924,53.5,69.5,85.5,96,TRUE
7/21/2011,55.04,87.98,17.5,4941.5,55,71,87,103,TRUE
7/22/2011,53.96,86,17,4958.5,52,72,88,104,TRUE
7/24/2011,53.06,82.94,16.5,4975,51,68.5,88.5,104.5,TRUE
7/25/2011,57.92,78.08,18,4993,51.5,69,86.5,106.5,TRUE
7/26/2011,51.98,82.04,16,5009,50.5,67.5,85,102.5,TRUE
7/27/2011,53.06,87.08,16.5,5025.5,50.5,67,84,101.5,TRUE
7/29/2011,59,84.02,19.5,5045,52,70,86.5,103.5,TRUE
7/30/2011,55.04,80.06,17.5,5062.5,53.5,69.5,87.5,104,TRUE
7/31/2011,55.04,80.96,17.5,5080,54.5,71,87,105,TRUE
8/1/2011,60.08,77,18.5,5098.5,53.5,73,89.5,105.5,TRUE
8/2/2011,55.94,80.96,18,5116.5,54,71.5,91,107.5,TRUE
8/3/2011,53.96,82.94,17,5133.5,53.5,71,88.5,108,TRUE
8/4/2011,53.96,75.92,15,5148.5,50,68.5,86,103.5,TRUE
8/5/2011,55.04,82.94,17.5,5166,49.5,67.5,86,103.5,TRUE
8/6/2011,53.96,82.04,17,5183,49.5,66.5,84.5,103,TRUE
8/7/2011,59,75.92,17.5,5200.5,52,67,84,102,TRUE
8/8/2011,60.98,82.04,20.5,5221,55,72.5,87.5,104.5,TRUE
8/9/2011,51.08,84.92,15.5,5236.5,53.5,70.5,88,103,TRUE
8/10/2011,53.06,82.94,16.5,5253,52.5,70,87,104.5,TRUE
8/11/2011,51.08,80.96,15.5,5268.5,47.5,68,85.5,102.5,TRUE
8/12/2011,51.98,80.96,16,5284.5,48,63.5,84,101.5,TRUE
8/13/2011,53.96,84.92,17,5301.5,48.5,65,80.5,101,FALSE
8/14/2011,53.06,84.02,16.5,5318,49.5,65,81.5,97,FALSE
8/15/2011,53.06,84.02,16.5,5334.5,50,66,81.5,98,FALSE
8/16/2011,53.06,82.04,16.5,5351,49.5,66.5,82.5,98,TRUE
8/17/2011,53.06,82.04,16.5,5367.5,49.5,66,83,99,TRUE
8/18/2011,55.04,82.94,17.5,5385,50.5,67,83.5,100.5,TRUE
8/19/2011,55.04,78.98,17,5402,51,67.5,84,100.5,TRUE
8/20/2011,55.04,75.02,15,5417,49.5,66,82.5,99,TRUE
8/21/2011,53.96,75.92,15,5432,47,64.5,81,97.5,FALSE
8/22/2011,55.94,80.06,18,5450,48,65,82.5,99,TRUE
8/23/2011,53.06,96.98,16.5,5466.5,49.5,64.5,81.5,99,FALSE
8/24/2011,59,91.04,19.5,5486,54,69,84,101,TRUE
8/25/2011,60.08,82.04,20,5506,56,74,89,104,TRUE
8/26/2011,60.08,84.92,20,5526,59.5,76,94,109,TRUE
8/28/2011,55.04,84.92,17.5,5543.5,57.5,77,93.5,111.5,TRUE
8/29/2011,57.92,82.94,19,5562.5,56.5,76.5,96,112.5,TRUE
8/30/2011,51.08,82.04,15.5,5578,52,72,92,111.5,TRUE
8/31/2011,51.08,82.04,15.5,5593.5,50,67.5,87.5,107.5,TRUE
9/1/2011,51.08,84.92,15.5,5609,46.5,65.5,83,103,TRUE
9/2/2011,53.96,-1767.82,0,5609,31,46.5,65.5,83,FALSE
9/3/2011,53.96,82.04,17,5626,32.5,48,63.5,82.5,FALSE
9/4/2011,53.96,82.04,17,5643,34,49.5,65,80.5,FALSE
9/5/2011,53.06,78.98,16,5659,50,50,65.5,81,FALSE
9/7/2011,51.98,91.04,16,5675,49,66,66,81.5,FALSE
9/8/2011,53.06,91.04,16.5,5691.5,48.5,65.5,82.5,82.5,TRUE
9/9/2011,55.04,86,17.5,5709,50,66,83,100,TRUE
9/10/2011,59,84.92,19.5,5728.5,53.5,69.5,85.5,102.5,TRUE
9/11/2011,59,84.92,19.5,5748,56.5,73,89,105,TRUE
9/12/2011,60.08,84.92,20,5768,59,76.5,93,109,TRUE
9/13/2011,60.08,80.96,20,5788,59.5,79,96.5,113,TRUE
9/14/2011,59,77,18,5806,58,77.5,97,114.5,TRUE
9/16/2011,50,77,13.5,5819.5,51.5,71.5,91,110.5,TRUE
9/17/2011,46.94,78.98,14.5,5834,46,66,86,105.5,TRUE
9/18/2011,57.92,87.98,19,5853,47,65,85,105,TRUE
9/19/2011,53.96,95,17,5870,50.5,64,82,102,TRUE
9/20/2011,55.04,93.92,17.5,5887.5,53.5,68,81.5,99.5,FALSE
9/21/2011,53.96,93.92,17,5904.5,51.5,70.5,85,98.5,TRUE
9/22/2011,53.96,84.92,17,5921.5,51.5,68.5,87.5,102,TRUE
9/23/2011,57.02,91.94,18.5,5940,52.5,70,87,106,TRUE
9/24/2011,59,87.98,19.5,5959.5,55,72,89.5,106.5,TRUE
9/25/2011,60.08,69.08,14.5,5974,52.5,69.5,86.5,104,TRUE
9/27/2011,51.08,84.02,15.5,5989.5,49.5,68,85,102,TRUE
9/28/2011,55.94,95,18,6007.5,48,67.5,86,103,TRUE
9/29/2011,57.92,87.98,19,6026.5,52.5,67,86.5,105,TRUE
9/30/2011,55.04,69.98,12.5,6039,49.5,65,79.5,99,FALSE
10/1/2011,57.92,75.92,17,6056,48.5,66.5,82,96.5,TRUE
10/2/2011,48.92,75.92,13,6069,42.5,61.5,79.5,95,FALSE
10/3/2011,50,64.94,7.5,6076.5,37.5,50,69,87,FALSE
10/4/2011,53.96,69.08,11.5,6088,32,49,61.5,80.5,FALSE
10/5/2011,51.98,62.06,7,6095,26,39,56,68.5,FALSE
10/6/2011,44.96,60.08,5,6100,23.5,31,44,61,FALSE
10/7/2011,44.06,69.98,10,6110,22,33.5,41,54,FALSE
10/8/2011,46.04,73.94,12,6122,27,34,45.5,53,FALSE
10/9/2011,51.98,75.92,14,6136,36,41,48,59.5,FALSE
10/10/2011,53.06,71.06,12,6148,38,48,53,60,FALSE
10/11/2011,60.98,73.94,17.5,6165.5,43.5,55.5,65.5,70.5,FALSE
10/12/2011,53.06,80.06,16.5,6182,46,60,72,82,FALSE
10/13/2011,53.06,82.94,16.5,6198.5,50.5,62.5,76.5,88.5,FALSE
10/14/2011,53.06,84.02,16.5,6215,49.5,67,79,93,FALSE
10/15/2011,55.04,75.92,15.5,6230.5,48.5,65,82.5,94.5,TRUE
10/16/2011,55.04,75.92,15.5,6246,47.5,64,80.5,98,FALSE
10/17/2011,53.96,82.94,17,6263,48,64.5,81,97.5,FALSE
10/18/2011,55.04,78.08,16.5,6279.5,49,64.5,81,97.5,FALSE
10/19/2011,57.02,75.92,16.5,6296,50,65.5,81,97.5,FALSE
10/20/2011,53.06,71.06,12,6308,45,62,77.5,93,FALSE
10/21/2011,51.08,73.94,12.5,6320.5,41,57.5,74.5,90,FALSE
10/22/2011,48.92,80.06,15,6335.5,39.5,56,72.5,89.5,FALSE
10/23/2011,48.92,82.94,15,6350.5,42.5,54.5,71,87.5,FALSE
10/24/2011,48.92,80.06,15,6365.5,45,57.5,69.5,86,FALSE
10/25/2011,48.92,69.98,10,6375.5,40,55,67.5,79.5,FALSE
10/26/2011,42.08,69.98,10,6385.5,35,50,65,77.5,FALSE
10/27/2011,39.92,71.06,10.5,6396,30.5,45.5,60.5,75.5,FALSE
10/28/2011,44.06,73.04,11.5,6407.5,32,42,57,72,FALSE
10/29/2011,42.98,75.92,13,6420.5,35,45,55,70,FALSE
10/31/2011,44.96,78.08,14,6434.5,38.5,49,59,69,FALSE
11/1/2011,46.94,73.04,11.5,6446,38.5,50,60.5,70.5,FALSE
11/2/2011,42.98,75.02,12.5,6458.5,38,51,62.5,73,FALSE
11/3/2011,42.08,75.02,12.5,6471,36.5,50.5,63.5,75,FALSE
11/4/2011,42.08,53.96,2,6473,27,38.5,52.5,65.5,FALSE
11/5/2011,35.96,55.94,3,6476,17.5,30,41.5,55.5,FALSE
11/6/2011,42.98,57.02,3.5,6479.5,8.5,21,33.5,45,FALSE
11/7/2011,42.98,57.92,4,6483.5,10.5,12.5,25,37.5,FALSE
11/8/2011,35.96,66.02,8,6491.5,15.5,18.5,20.5,33,FALSE
11/10/2011,39.92,68,9,6500.5,21,24.5,27.5,29.5,FALSE
11/11/2011,37.94,66.02,8,6508.5,25,29,32.5,35.5,FALSE
11/12/2011,48.02,57.02,3.5,6512,20.5,28.5,32.5,36,FALSE
11/13/2011,44.06,62.06,6,6518,17.5,26.5,34.5,38.5,FALSE
11/14/2011,44.06,60.08,5,6523,14.5,22.5,31.5,39.5,FALSE
11/15/2011,41,64.04,7,6530,18,21.5,29.5,38.5,FALSE
11/16/2011,39.92,64.94,7.5,6537.5,19.5,25.5,29,37,FALSE
11/17/2011,39.92,64.94,7.5,6545,22,27,33,36.5,FALSE
11/18/2011,44.06,55.94,3,6548,18,25,30,36,FALSE
11/19/2011,37.04,53.96,2,6550,12.5,20,27,32,FALSE
11/20/2011,46.94,53.06,1.5,6551.5,6.5,14,21.5,28.5,FALSE
11/22/2011,39.02,60.08,5,6556.5,8.5,11.5,19,26.5,FALSE
11/23/2011,39.92,57.92,4,6560.5,10.5,12.5,15.5,23,FALSE
11/24/2011,44.06,59,4.5,6565,13.5,15,17,20,FALSE
11/25/2011,39.02,60.08,5,6570,13.5,18.5,20,22,FALSE
11/27/2011,39.02,62.06,6,6576,15.5,19.5,24.5,26,FALSE
11/28/2011,42.08,59,4.5,6580.5,15.5,20,24,29,FALSE
11/29/2011,37.04,55.04,2.5,6583,13,18,22.5,26.5,FALSE
11/30/2011,39.02,62.96,6.5,6589.5,13.5,19.5,24.5,29,FALSE
12/1/2011,51.98,64.04,8,6597.5,17,21.5,27.5,32.5,FALSE
12/2/2011,41,66.92,8.5,6606,23,25.5,30,36,FALSE
12/3/2011,42.08,60.08,5,6611,21.5,28,30.5,35,FALSE
12/4/2011,33.08,62.06,6,6617,19.5,27.5,34,36.5,FALSE
12/5/2011,30.92,55.94,3,6620,14,22.5,30.5,37,FALSE
12/6/2011,30.92,57.92,4,6624,13,18,26.5,34.5,FALSE
12/7/2011,30.92,55.94,3,6627,10,16,21,29.5,FALSE
12/8/2011,39.92,55.94,3,6630,10,13,19,24,FALSE
12/9/2011,32,60.08,5,6635,11,15,18,24,FALSE
12/10/2011,32,-1767.82,0,6635,8,11,15,18,FALSE
12/11/2011,35.06,-1767.82,0,6635,5,8,11,15,FALSE
12/12/2011,37.94,48.92,0,6635,0,5,8,11,FALSE
12/13/2011,33.08,55.04,2.5,6637.5,2.5,2.5,7.5,10.5,FALSE
12/14/2011,35.96,55.04,2.5,6640,5,5,5,10,FALSE
12/15/2011,39.92,50,0,6640,5,5,5,5,FALSE
12/16/2011,35.06,57.02,3.5,6643.5,6,8.5,8.5,8.5,FALSE
12/17/2011,33.08,59,4.5,6648,8,10.5,13,13,FALSE
12/18/2011,33.08,53.96,2,6650,10,10,12.5,15,FALSE
12/19/2011,44.06,59,4.5,6654.5,11,14.5,14.5,17,FALSE
12/20/2011,32,57.02,3.5,6658,10,14.5,18,18,FALSE
12/21/2011,32,59,4.5,6662.5,12.5,14.5,19,22.5,FALSE
12/22/2011,33.98,57.02,3.5,6666,11.5,16,18,22.5,FALSE
12/23/2011,28.04,57.92,4,6670,12,15.5,20,22,FALSE
12/24/2011,26.96,55.94,3,6673,10.5,15,18.5,23,FALSE
12/25/2011,28.94,57.02,3.5,6676.5,10.5,14,18.5,22,FALSE
12/26/2011,30.02,51.08,0.5,6677,7,11,14.5,19,FALSE
12/27/2011,42.08,55.94,3,6680,7,10,14,17.5,FALSE
12/28/2011,28.94,55.94,3,6683,6.5,10,13,17,FALSE
12/29/2011,42.08,62.06,6,6689,12,12.5,16,19,FALSE
12/30/2011,51.98,57.92,5,6694,14,17,17.5,21,FALSE
12/31/2011,37.94,57.92,4,6698,15,18,21,21.5,FALSE
1/1/2012,35.06,-1767.82,0,6698,9,15,18,21,FALSE
1/2/2012,39.92,57.92,4,6702,8,13,19,22,FALSE
1/3/2012,37.94,57.92,4,6706,8,12,17,23,FALSE
1/4/2012,37.04,64.94,7.5,6713.5,15.5,15.5,19.5,24.5,FALSE
1/6/2012,33.08,-1767.82,0,6713.5,11.5,15.5,15.5,19.5,FALSE
1/7/2012,35.96,64.04,7,6720.5,14.5,18.5,22.5,22.5,FALSE
1/8/2012,35.96,64.04,7,6727.5,14,21.5,25.5,29.5,FALSE
1/9/2012,33.08,64.04,7,6734.5,21,21,28.5,32.5,FALSE
1/10/2012,33.08,69.08,9.5,6744,23.5,30.5,30.5,38,FALSE
1/11/2012,32,64.94,7.5,6751.5,24,31,38,38,FALSE
1/12/2012,30.92,62.96,6.5,6758,23.5,30.5,37.5,44.5,FALSE
1/13/2012,32,64.04,7,6765,21,30.5,37.5,44.5,FALSE
1/14/2012,-1767.82,64.94,7.5,6772.5,21,28.5,38,45,FALSE
1/15/2012,32,64.94,7.5,6780,22,28.5,36,45.5,FALSE
1/16/2012,28.94,48.92,0,6780,15,22,28.5,36,FALSE
1/17/2012,30.02,51.08,0.5,6780.5,8,15.5,22.5,29,FALSE
1/18/2012,26.96,-1767.82,0,6780.5,0.5,8,15.5,22.5,FALSE
1/19/2012,32,51.98,1,6781.5,1.5,1.5,9,16.5,FALSE
1/20/2012,46.04,59,4.5,6786,5.5,6,6,13.5,FALSE
1/21/2012,48.92,57.92,4,6790,9.5,9.5,10,10,FALSE
1/22/2012,37.04,53.96,2,6792,10.5,11.5,11.5,12,FALSE
1/23/2012,48.02,59,4.5,6796.5,10.5,15,16,16,FALSE
1/24/2012,44.06,59,4.5,6801,11,15,19.5,20.5,FALSE
1/25/2012,42.08,64.04,7,6808,16,18,22,26.5,FALSE
1/26/2012,53.96,62.96,8.5,6816.5,20,24.5,26.5,30.5,FALSE
1/27/2012,44.06,62.96,6.5,6823,22,26.5,31,33,FALSE
1/28/2012,35.06,62.96,6.5,6829.5,21.5,28.5,33,37.5,FALSE
1/29/2012,35.96,62.96,6.5,6836,19.5,28,35,39.5,FALSE
1/30/2012,39.92,60.98,5.5,6841.5,18.5,25,33.5,40.5,FALSE
1/31/2012,39.02,60.08,5,6846.5,17,23.5,30,38.5,FALSE
2/2/2012,37.94,64.94,7.5,6854,18,24.5,31,37.5,FALSE
2/3/2012,35.06,64.04,7,6861,19.5,25,31.5,38,FALSE
2/4/2012,35.06,64.94,7.5,6868.5,22,27,32.5,39,FALSE
2/5/2012,35.96,66.92,8.5,6877,23,30.5,35.5,41,FALSE
2/6/2012,32,66.02,8,6885,24,31,38.5,43.5,FALSE
2/7/2012,41,66.92,8.5,6893.5,25,32.5,39.5,47,FALSE
2/8/2012,41,64.04,7,6900.5,23.5,32,39.5,46.5,FALSE
2/9/2012,39.92,69.08,9.5,6910,25,33,41.5,49,FALSE
2/10/2012,37.94,64.94,7.5,6917.5,24,32.5,40.5,49,FALSE
2/11/2012,33.98,64.04,7,6924.5,24,31,39.5,47.5,FALSE
2/12/2012,39.92,60.98,5.5,6930,20,29.5,36.5,45,FALSE
2/13/2012,42.08,51.98,1,6931,13.5,21,30.5,37.5,FALSE
2/14/2012,37.94,57.92,4,6935,10.5,17.5,25,34.5,FALSE
2/15/2012,37.94,57.92,4,6939,9,14.5,21.5,29,FALSE
2/16/2012,35.06,62.96,6.5,6945.5,14.5,15.5,21,28,FALSE
2/17/2012,37.94,64.04,7,6952.5,17.5,21.5,22.5,28,FALSE
2/18/2012,37.94,64.04,7,6959.5,20.5,24.5,28.5,29.5,FALSE
2/20/2012,33.98,57.02,3.5,6963,17.5,24,28,32,FALSE
2/21/2012,41,64.94,7.5,6970.5,18,25,31.5,35.5,FALSE
2/22/2012,44.96,75.02,12.5,6983,23.5,30.5,37.5,44,FALSE
2/23/2012,44.06,73.04,11.5,6994.5,31.5,35,42,49,FALSE
2/24/2012,44.06,71.96,11,7005.5,35,42.5,46,53,FALSE
2/25/2012,39.92,75.02,12.5,7018,35,47.5,55,58.5,FALSE
2/26/2012,35.06,59,4.5,7022.5,28,39.5,52,59.5,FALSE
2/27/2012,35.06,57.92,4,7026.5,21,32,43.5,56,FALSE
2/28/2012,32,59,4.5,7031,13,25.5,36.5,48,FALSE
2/29/2012,44.96,53.96,2,7033,10.5,15,27.5,38.5,FALSE
3/1/2012,35.96,55.94,3,7036,9.5,13.5,18,30.5,FALSE
3/2/2012,35.06,62.06,6,7042,11,15.5,19.5,24,FALSE
3/3/2012,35.06,69.98,10,7052,19,21,25.5,29.5,FALSE
3/4/2012,39.02,73.04,11.5,7063.5,27.5,30.5,32.5,37,FALSE
3/6/2012,39.92,71.96,11,7074.5,32.5,38.5,41.5,43.5,FALSE
3/7/2012,35.96,71.96,11,7085.5,33.5,43.5,49.5,52.5,FALSE
3/8/2012,33.98,69.08,9.5,7095,31.5,43,53,59,FALSE
3/9/2012,35.06,73.94,12,7107,32.5,43.5,55,65,FALSE
3/10/2012,37.04,69.08,9.5,7116.5,31,42,53,64.5,FALSE
3/11/2012,42.08,57.92,4,7120.5,25.5,35,46,57,FALSE
3/13/2012,37.94,60.98,5.5,7126,19,31,40.5,51.5,FALSE
3/14/2012,37.04,60.98,5.5,7131.5,15,24.5,36.5,46,FALSE
3/15/2012,55.04,62.96,9,7140.5,20,24,33.5,45.5,FALSE
3/16/2012,39.92,62.96,6.5,7147,21,26.5,30.5,40,FALSE
3/17/2012,39.02,62.96,6.5,7153.5,22,27.5,33,37,FALSE
3/18/2012,39.92,62.96,6.5,7160,19.5,28.5,34,39.5,FALSE
3/19/2012,33.98,57.02,3.5,7163.5,16.5,23,32,37.5,FALSE
3/20/2012,46.94,68,9,7172.5,19,25.5,32,41,FALSE
3/21/2012,42.98,73.94,12,7184.5,24.5,31,37.5,44,FALSE
3/22/2012,48.02,57.02,3.5,7188,24.5,28,34.5,41,FALSE
3/23/2012,35.06,62.96,6.5,7194.5,22,31,34.5,41,FALSE
3/24/2012,44.96,51.98,1,7195.5,11,23,32,35.5,FALSE
3/25/2012,42.08,-1767.82,0,7195.5,7.5,11,23,32,FALSE
3/26/2012,37.04,59,4.5,7200,5.5,12,15.5,27.5,FALSE
3/27/2012,50,60.08,5,7205,9.5,10.5,17,20.5,FALSE
3/28/2012,50,64.94,7.5,7212.5,17,17,18,24.5,FALSE
3/29/2012,44.06,68,9,7221.5,21.5,26,26,27,FALSE
3/30/2012,44.06,71.96,11,7232.5,27.5,32.5,37,37,FALSE
3/31/2012,46.94,57.92,4,7236.5,24,31.5,36.5,41,FALSE
4/1/2012,39.92,60.08,5,7241.5,20,29,36.5,41.5,FALSE
4/2/2012,39.92,66.02,8,7249.5,17,28,37,44.5,FALSE
4/3/2012,42.98,66.02,8,7257.5,21,25,36,45,FALSE
4/4/2012,42.98,60.08,5,7262.5,21,26,30,41,FALSE
4/5/2012,35.96,60.08,5,7267.5,18,26,31,35,FALSE
4/6/2012,33.98,62.06,6,7273.5,16,24,32,37,FALSE
4/7/2012,35.96,71.06,10.5,7284,21.5,26.5,34.5,42.5,FALSE
4/8/2012,30.92,69.98,10,7294,26.5,31.5,36.5,44.5,FALSE
4/9/2012,37.94,73.94,12,7306,32.5,38.5,43.5,48.5,FALSE
4/10/2012,48.02,66.92,8.5,7314.5,30.5,41,47,52,FALSE
4/11/2012,46.04,59,4.5,7319,25,35,45.5,51.5,FALSE
4/12/2012,48.02,60.98,5.5,7324.5,18.5,30.5,40.5,51,FALSE
4/13/2012,44.96,57.02,3.5,7328,13.5,22,34,44,FALSE
4/14/2012,39.92,62.96,6.5,7334.5,15.5,20,28.5,40.5,FALSE
4/15/2012,42.08,68,9,7343.5,19,24.5,29,37.5,FALSE
4/16/2012,41,69.08,9.5,7353,25,28.5,34,38.5,FALSE
4/17/2012,46.04,71.06,10.5,7363.5,29,35.5,39,44.5,FALSE
4/18/2012,46.04,71.06,10.5,7374,30.5,39.5,46,49.5,FALSE
4/19/2012,46.04,75.92,13,7387,34,43.5,52.5,59,FALSE
4/20/2012,57.02,87.08,18.5,7405.5,42,52.5,62,71,FALSE
4/21/2012,53.96,91.04,17,7422.5,48.5,59,69.5,79,FALSE
4/22/2012,57.02,89.96,18.5,7441,54,67,77.5,88,FALSE
4/23/2012,53.06,89.96,16.5,7457.5,52,70.5,83.5,94,TRUE
4/24/2012,53.96,73.94,14,7471.5,49,66,84.5,97.5,TRUE
4/25/2012,55.94,73.94,15,7486.5,45.5,64,81,99.5,FALSE
4/26/2012,51.98,64.04,8,7494.5,37,53.5,72,89,FALSE
4/27/2012,44.96,69.08,9.5,7504,32.5,46.5,63,81.5,FALSE
4/28/2012,46.04,75.92,13,7517,30.5,45.5,59.5,76,FALSE
4/29/2012,48.92,82.94,15,7532,37.5,45.5,60.5,74.5,FALSE
5/2/2012,41,82.04,15,7547,43,52.5,60.5,75.5,FALSE
5/3/2012,41,82.94,15,7562,45,58,67.5,75.5,FALSE
5/4/2012,42.08,64.94,7.5,7569.5,37.5,52.5,65.5,75,FALSE
5/5/2012,55.04,75.92,15.5,7585,38,53,68,81,FALSE
5/6/2012,46.94,82.04,15,7600,38,53,68,83,FALSE
5/8/2012,46.94,89.06,15,7615,45.5,53,68,83,FALSE
5/10/2012,46.04,82.94,15,7630,45,60.5,68,83,FALSE
5/11/2012,46.04,87.98,15,7645,45,60,75.5,83,FALSE
5/12/2012,48.92,87.98,15,7660,45,60,75,90.5,FALSE
5/13/2012,50,80.06,15,7675,45,60,75,90,FALSE
5/14/2012,50,75.92,13,7688,43,58,73,88,FALSE
5/15/2012,46.94,73.94,12,7700,40,55,70,85,FALSE
5/16/2012,53.06,75.02,14,7714,39,54,69,84,FALSE
5/17/2012,53.06,71.96,12.5,7726.5,38.5,51.5,66.5,81.5,FALSE
5/19/2012,44.96,80.06,15,7741.5,41.5,53.5,66.5,81.5,FALSE
5/20/2012,50,82.94,15,7756.5,42.5,56.5,68.5,81.5,FALSE
5/21/2012,51.98,73.94,13,7769.5,43,55.5,69.5,81.5,FALSE
5/22/2012,51.98,75.02,13.5,7783,41.5,56.5,69,83,FALSE
5/23/2012,51.08,73.94,12.5,7795.5,39,54,69,81.5,FALSE
5/24/2012,46.04,71.96,11,7806.5,37,50,65,80,FALSE
5/25/2012,48.92,68,9,7815.5,32.5,46,59,74,FALSE
5/26/2012,44.06,68,9,7824.5,29,41.5,55,68,FALSE
5/27/2012,51.08,66.92,9,7833.5,27,38,50.5,64,FALSE
5/28/2012,48.92,68,9,7842.5,27,36,47,59.5,FALSE
5/29/2012,48.92,87.08,15,7857.5,33,42,51,62,FALSE
5/30/2012,48.92,89.06,15,7872.5,39,48,57,66,FALSE
5/31/2012,42.98,89.06,15,7887.5,45,54,63,72,FALSE
6/1/2012,57.02,84.02,18.5,7906,48.5,63.5,72.5,81.5,FALSE
6/2/2012,42.98,89.06,15,7921,48.5,63.5,78.5,87.5,FALSE
6/3/2012,51.98,80.06,16,7937,49.5,64.5,79.5,94.5,FALSE
6/4/2012,55.04,75.92,15.5,7952.5,46.5,65,80,95,FALSE
6/5/2012,44.96,75.92,13,7965.5,44.5,59.5,78,93,FALSE
6/6/2012,44.06,75.92,13,7978.5,41.5,57.5,72.5,91,FALSE
6/7/2012,44.96,75.02,12.5,7991,38.5,54,70,85,FALSE
6/8/2012,46.04,75.02,12.5,8003.5,38,51,66.5,82.5,FALSE
6/9/2012,44.96,78.98,14.5,8018,39.5,52.5,65.5,81,FALSE
6/10/2012,53.06,89.06,16.5,8034.5,43.5,56,69,82,FALSE
6/11/2012,53.06,95,16.5,8051,47.5,60,72.5,85.5,FALSE
6/12/2012,53.96,93.02,17,8068,50,64.5,77,89.5,FALSE
6/13/2012,53.06,80.96,16.5,8084.5,50,66.5,81,93.5,FALSE
6/14/2012,51.08,80.96,15.5,8100,49,65.5,82,96.5,TRUE
6/15/2012,48.92,86,15,8115,47,64,80.5,97,FALSE
6/16/2012,57.02,100.04,18.5,8133.5,49,65.5,82.5,99,FALSE
6/17/2012,53.96,93.92,17,8150.5,50.5,66,82.5,99.5,FALSE
6/18/2012,48.02,93.92,15,8165.5,50.5,65.5,81,97.5,FALSE
6/19/2012,53.06,82.94,16.5,8182,48.5,67,82,97.5,FALSE
6/20/2012,53.96,93.92,17,8199,48.5,65.5,84,99,FALSE
6/21/2012,53.06,89.06,16.5,8215.5,50,65,82,100.5,TRUE
6/22/2012,57.92,89.96,19,8234.5,52.5,69,84,101,TRUE
6/23/2012,53.06,69.98,11.5,8246,47,64,80.5,95.5,FALSE
6/24/2012,46.94,71.06,10.5,8256.5,41,57.5,74.5,91,FALSE
6/25/2012,46.04,71.96,11,8267.5,33,52,68.5,85.5,FALSE
6/26/2012,46.04,77,13.5,8281,35,46.5,65.5,82,FALSE
6/27/2012,53.96,82.94,17,8298,41.5,52,63.5,82.5,FALSE
6/28/2012,51.08,78.08,14.5,8312.5,45,56,66.5,78,FALSE
6/29/2012,57.02,75.92,16.5,8329,48,61.5,72.5,83,FALSE
6/30/2012,57.92,78.08,18,8347,49,66,79.5,90.5,FALSE
7/1/2012,60.98,75.92,18.5,8365.5,53,67.5,84.5,98,TRUE
7/2/2012,57.92,78.98,18.5,8384,55,71.5,86,103,TRUE
7/3/2012,51.08,82.94,15.5,8399.5,52.5,70.5,87,101.5,TRUE
7/4/2012,50,82.94,15,8414.5,49,67.5,85.5,102,TRUE
7/5/2012,50,82.94,15,8429.5,45.5,64,82.5,100.5,TRUE
7/6/2012,51.98,82.04,16,8445.5,46,61.5,80,98.5,FALSE
7/7/2012,53.06,89.96,16.5,8462,47.5,62.5,78,96.5,FALSE
7/8/2012,53.06,78.98,16,8478,48.5,63.5,78.5,94,FALSE
7/9/2012,55.94,80.06,18,8496,50.5,66.5,81.5,96.5,FALSE
7/10/2012,53.06,91.94,16.5,8512.5,50.5,67,83,98,TRUE
7/11/2012,55.04,89.06,17.5,8530,52,68,84.5,100.5,TRUE
7/12/2012,55.04,89.96,17.5,8547.5,51.5,69.5,85.5,102,TRUE
7/13/2012,53.96,89.96,17,8564.5,52,68.5,86.5,102.5,TRUE
7/14/2012,55.04,82.04,17.5,8582,52,69.5,86,104,TRUE
7/15/2012,51.98,84.02,16,8598,50.5,68,85.5,102,TRUE
7/16/2012,53.96,75.92,15,8613,48.5,65.5,83,100.5,TRUE
7/19/2012,55.04,77,16,8629,47,64.5,81.5,99,FALSE
7/21/2012,64.04,95,22,8651,53,69,86.5,103.5,TRUE
7/24/2012,55.94,75.92,16,8667,54,69,85,102.5,TRUE
7/25/2012,53.06,80.06,16.5,8683.5,54.5,70.5,85.5,101.5,TRUE
7/27/2012,53.06,80.96,16.5,8700,49,71,87,102,TRUE
7/28/2012,53.06,80.96,16.5,8716.5,49.5,65.5,87.5,103.5,TRUE
7/30/2012,53.06,91.04,16.5,8733,49.5,66,82,104,TRUE
7/31/2012,55.04,89.06,17.5,8750.5,50.5,67,83.5,99.5,TRUE
8/1/2012,53.06,87.08,16.5,8767,50.5,67,83.5,100,TRUE
8/2/2012,51.98,87.98,16,8783,50,66.5,83,99.5,TRUE
8/3/2012,53.96,84.92,17,8800,49.5,67,83.5,100,TRUE
8/4/2012,55.94,73.94,15,8815,48,64.5,82,98.5,TRUE
8/5/2012,59,78.08,18.5,8833.5,50.5,66.5,83,100.5,TRUE
8/6/2012,57.92,77,17.5,8851,51,68,84,100.5,TRUE
8/7/2012,60.08,89.06,20,8871,56,71,88,104,TRUE
8/8/2012,51.08,91.04,15.5,8886.5,53,71.5,86.5,103.5,TRUE
8/9/2012,53.06,93.02,16.5,8903,52,69.5,88,103,TRUE
8/16/2012,57.02,84.92,18.5,8921.5,50.5,70.5,88,106.5,TRUE
8/17/2012,57.02,84.02,18.5,8940,53.5,69,89,106.5,TRUE
8/18/2012,55.94,82.94,18,8958,55,71.5,87,107,TRUE
8/22/2012,53.96,82.94,17,8975,53.5,72,88.5,104,TRUE
8/24/2012,51.08,84.92,15.5,8990.5,50.5,69,87.5,104,TRUE
8/25/2012,50,84.02,15,9005.5,47.5,65.5,84,102.5,TRUE
8/26/2012,53.96,89.06,17,9022.5,47.5,64.5,82.5,101,TRUE
8/27/2012,50,82.04,15,9037.5,47,62.5,79.5,97.5,FALSE
8/29/2012,51.98,84.02,16,9053.5,48,63,78.5,95.5,FALSE
8/31/2012,53.06,84.02,16.5,9070,47.5,64.5,79.5,95,FALSE
9/2/2012,50,84.92,15,9085,47.5,62.5,79.5,94.5,FALSE
9/3/2012,48.92,89.06,15,9100,46.5,62.5,77.5,94.5,FALSE
9/7/2012,55.94,89.06,18,9118,48,64.5,80.5,95.5,FALSE
9/9/2012,51.08,80.96,15.5,9133.5,48.5,63.5,80,96,FALSE
9/11/2012,48.02,84.92,15,9148.5,48.5,63.5,78.5,95,FALSE
9/13/2012,48.02,84.92,15,9163.5,45.5,63.5,78.5,93.5,FALSE
9/17/2012,53.96,78.08,16,9179.5,46,61.5,79.5,94.5,FALSE
9/20/2012,48.92,78.08,14,9193.5,45,60,75.5,93.5,FALSE
9/27/2012,51.08,82.94,15.5,9209,45.5,60.5,75.5,91,FALSE
9/29/2012,51.08,82.94,15.5,9224.5,45,61,76,91,FALSE
10/1/2012,51.08,96.08,15.5,9240,46.5,60.5,76.5,91.5,FALSE
10/2/2012,55.94,98.06,18,9258,49,64.5,78.5,94.5,FALSE
10/3/2012,53.06,89.96,16.5,9274.5,50,65.5,81,95,FALSE
10/4/2012,53.96,87.98,17,9291.5,51.5,67,82.5,98,TRUE
10/9/2012,59,84.02,19.5,9311,53,71,86.5,102,TRUE
10/15/2012,48.02,78.08,14,9325,50.5,67,85,100.5,TRUE
10/17/2012,51.08,84.02,15.5,9340.5,49,66,82.5,100.5,TRUE
10/19/2012,57.92,75.92,17,9357.5,46.5,66,83,99.5,TRUE
10/24/2012,44.06,64.04,7,9364.5,39.5,53.5,73,90,FALSE
10/28/2012,44.96,80.06,15,9379.5,39,54.5,68.5,88,FALSE
11/1/2012,57.02,62.96,10,9389.5,32,49,64.5,78.5,FALSE
11/3/2012,42.98,71.06,10.5,9400,35.5,42.5,59.5,75,FALSE
11/5/2012,42.98,80.06,15,9415,35.5,50.5,57.5,74.5,FALSE
11/9/2012,42.08,80.06,15,9430,40.5,50.5,65.5,72.5,FALSE
11/12/2012,33.98,60.08,5,9435,35,45.5,55.5,70.5,FALSE
11/16/2012,35.96,68,9,9444,29,44,54.5,64.5,FALSE
11/17/2012,55.04,64.04,9.5,9453.5,23.5,38.5,53.5,64,FALSE
11/18/2012,46.04,64.04,7,9460.5,25.5,30.5,45.5,60.5,FALSE
11/19/2012,44.06,64.04,7,9467.5,23.5,32.5,37.5,52.5,FALSE
11/20/2012,44.06,64.04,7,9474.5,21,30.5,39.5,44.5,FALSE
11/21/2012,48.92,62.06,6,9480.5,20,27,36.5,45.5,FALSE
11/23/2012,39.02,64.04,7,9487.5,20,27,34,43.5,FALSE
11/24/2012,42.08,66.02,8,9495.5,21,28,35,42,FALSE
11/25/2012,42.08,55.94,3,9498.5,18,24,31,38,FALSE
11/26/2012,37.94,64.04,7,9505.5,18,25,31,38,FALSE
11/27/2012,44.06,60.98,5.5,9511,15.5,23.5,30.5,36.5,FALSE
11/28/2012,44.96,60.98,5.5,9516.5,18,21,29,36,FALSE
11/29/2012,53.96,60.98,7.5,9524,18.5,25.5,28.5,36.5,FALSE
11/30/2012,55.94,60.08,8,9532,21,26.5,33.5,36.5,FALSE
12/4/2012,48.02,62.06,6,9538,21.5,27,32.5,39.5,FALSE
12/5/2012,55.04,64.94,10,9548,24,31.5,37,42.5,FALSE
12/6/2012,51.98,64.04,8,9556,24,32,39.5,45,FALSE
12/7/2012,41,64.04,7,9563,25,31,39,46.5,FALSE
12/8/2012,37.04,57.92,4,9567,19,29,35,43,FALSE
12/9/2012,44.06,62.96,6.5,9573.5,17.5,25.5,35.5,41.5,FALSE
12/10/2012,44.96,64.94,7.5,9581,18,25,33,43,FALSE
12/11/2012,37.94,62.96,6.5,9587.5,20.5,24.5,31.5,39.5,FALSE
12/12/2012,46.94,55.94,3,9590.5,17,23.5,27.5,34.5,FALSE
12/13/2012,35.96,53.06,1.5,9592,11,18.5,25,29,FALSE
12/14/2012,33.98,51.08,0.5,9592.5,5,11.5,19,25.5,FALSE
12/15/2012,33.98,51.08,0.5,9593,2.5,5.5,12,19.5,FALSE
12/16/2012,33.98,55.04,2.5,9595.5,3.5,5,8,14.5,FALSE
12/17/2012,50,55.94,3,9598.5,6,6.5,8,11,FALSE
12/18/2012,35.06,51.98,1,9599.5,6.5,7,7.5,9,FALSE
12/19/2012,28.94,51.08,0.5,9600,4.5,7,7.5,8,FALSE
12/20/2012,30.92,55.04,2.5,9602.5,4,7,9.5,10,FALSE
12/21/2012,46.94,55.04,2.5,9605,5.5,6.5,9.5,12,FALSE
12/22/2012,48.02,53.96,2,9607,7,7.5,8.5,11.5,FALSE
12/23/2012,44.06,57.02,3.5,9610.5,8,10.5,11,12,FALSE
12/24/2012,37.94,55.04,2.5,9613,8,10.5,13,13.5,FALSE
12/25/2012,37.04,53.96,2,9615,8,10,12.5,15,FALSE
12/26/2012,37.04,53.96,2,9617,6.5,10,12,14.5,FALSE
12/27/2012,37.04,53.96,2,9619,6,8.5,12,14,FALSE
12/28/2012,33.08,51.08,0.5,9619.5,4.5,6.5,9,12.5,FALSE
12/29/2012,33.08,51.08,0.5,9620,3,5,7,9.5,FALSE
12/30/2012,33.08,51.08,0.5,9620.5,1.5,3.5,5.5,7.5,FALSE
12/31/2012,30.02,51.08,0.5,9621,1.5,2,4,6,FALSE
1/1/2013,33.98,51.08,0.5,9621.5,1.5,2,2.5,4.5,FALSE
1/2/2013,28.04,53.96,2,9623.5,3,3.5,4,4.5,FALSE
1/3/2013,32,53.96,2,9625.5,4.5,5,5.5,6,FALSE
1/4/2013,33.08,55.94,3,9628.5,7,7.5,8,8.5,FALSE
1/5/2013,35.96,53.96,2,9630.5,7,9,9.5,10,FALSE
1/6/2013,37.04,53.96,2,9632.5,7,9,11,11.5,FALSE
1/7/2013,35.06,53.06,1.5,9634,5.5,8.5,10.5,12.5,FALSE
1/8/2013,33.98,60.08,5,9639,8.5,10.5,13.5,15.5,FALSE
1/9/2013,37.04,55.94,3,9642,9.5,11.5,13.5,16.5,FALSE
1/10/2013,37.04,48.92,0,9642,8,9.5,11.5,13.5,FALSE
1/11/2013,30.02,55.04,2.5,9644.5,5.5,10.5,12,14,FALSE
1/12/2013,30.92,51.08,0.5,9645,3,6,11,12.5,FALSE
1/13/2013,26.96,46.94,0,9645,3,3,6,11,FALSE
1/14/2013,26.96,48.02,0,9645,0.5,3,3,6,FALSE
1/15/2013,26.96,51.98,1,9646,1,1.5,4,4,FALSE
1/16/2013,28.04,55.04,2.5,9648.5,3.5,3.5,4,6.5,FALSE
1/17/2013,28.04,62.06,6,9654.5,9.5,9.5,9.5,10,FALSE
1/18/2013,30.92,60.98,5.5,9660,14,15,15,15,FALSE
1/19/2013,33.08,62.06,6,9666,17.5,20,21,21,FALSE
1/20/2013,30.92,62.96,6.5,9672.5,18,24,26.5,27.5,FALSE
1/21/2013,30.92,62.96,6.5,9679,19,24.5,30.5,33,FALSE
1/22/2013,30.92,62.96,6.5,9685.5,19.5,25.5,31,37,FALSE
1/23/2013,30.92,64.04,7,9692.5,20,26.5,32.5,38,FALSE
1/24/2013,48.92,57.02,3.5,9696,17,23.5,30,36,FALSE
1/25/2013,48.92,60.08,5,9701,15.5,22,28.5,35,FALSE
1/26/2013,48.92,62.06,6,9707,14.5,21.5,28,34.5,FALSE
1/27/2013,35.96,53.96,2,9709,13,16.5,23.5,30,FALSE
1/28/2013,35.06,55.04,2.5,9711.5,10.5,15.5,19,26,FALSE
1/29/2013,35.06,55.04,2.5,9714,7,13,18,21.5,FALSE
1/30/2013,39.92,66.02,8,9722,13,15,21,26,FALSE
1/31/2013,35.06,64.04,7,9729,17.5,20,22,28,FALSE
2/1/2013,37.04,66.92,8.5,9737.5,23.5,26,28.5,30.5,FALSE
2/2/2013,42.08,57.02,3.5,9741,19,27,29.5,32,FALSE
2/3/2013,42.08,57.02,3.5,9744.5,15.5,22.5,30.5,33,FALSE
2/4/2013,35.06,57.92,4,9748.5,11,19.5,26.5,34.5,FALSE
2/5/2013,44.06,55.04,2.5,9751,10,13.5,22,29,FALSE
2/6/2013,35.06,57.92,4,9755,10.5,14,17.5,26,FALSE
2/7/2013,33.98,53.96,2,9757,8.5,12.5,16,19.5,FALSE
2/8/2013,39.92,51.08,0.5,9757.5,6.5,9,13,16.5,FALSE
2/9/2013,30.02,55.04,2.5,9760,5,9,11.5,15.5,FALSE
2/10/2013,30.02,57.92,4,9764,7,9,13,15.5,FALSE
2/11/2013,33.08,60.08,5,9769,11.5,12,14,18,FALSE
2/12/2013,33.98,60.98,5.5,9774.5,14.5,17,17.5,19.5,FALSE
2/13/2013,42.08,62.96,6.5,9781,17,21,23.5,24,FALSE
2/14/2013,35.96,68,9,9790,21,26,30,32.5,FALSE
2/15/2013,35.96,71.96,11,9801,26.5,32,37,41,FALSE
2/16/2013,39.92,68,9,9810,29,35.5,41,46,FALSE
2/17/2013,39.92,68,9,9819,29,38,44.5,50,FALSE
2/18/2013,39.92,68,9,9828,27,38,47,53.5,FALSE
2/19/2013,37.04,55.04,2.5,9830.5,20.5,29.5,40.5,49.5,FALSE
2/20/2013,32,57.02,3.5,9834,15,24,33,44,FALSE
2/21/2013,33.08,57.92,4,9838,10,19,28,37,FALSE
2/22/2013,33.08,62.06,6,9844,13.5,16,25,34,FALSE
2/23/2013,42.08,59,4.5,9848.5,14.5,18,20.5,29.5,FALSE
2/24/2013,35.06,60.98,5.5,9854,16,20,23.5,26,FALSE
2/25/2013,35.06,55.04,2.5,9856.5,12.5,18.5,22.5,26,FALSE
2/26/2013,37.94,62.06,6,9862.5,14,18.5,24.5,28.5,FALSE
2/27/2013,33.98,69.08,9.5,9872,18,23.5,28,34,FALSE
2/28/2013,33.98,69.08,9.5,9881.5,25,27.5,33,37.5,FALSE
3/1/2013,41,69.98,10,9891.5,29,35,37.5,43,FALSE
3/2/2013,46.04,73.04,11.5,9903,31,40.5,46.5,49,FALSE
3/3/2013,46.04,73.04,11.5,9914.5,33,42.5,52,58,FALSE
3/4/2013,42.08,62.06,6,9920.5,29,39,48.5,58,FALSE
3/5/2013,42.08,62.06,6,9926.5,23.5,35,45,54.5,FALSE
3/6/2013,37.94,57.02,3.5,9930,15.5,27,38.5,48.5,FALSE
3/7/2013,35.96,53.06,1.5,9931.5,11,17,28.5,40,FALSE
3/8/2013,42.98,59,4.5,9936,9.5,15.5,21.5,33,FALSE
3/10/2013,39.92,69.98,10,9946,16,19.5,25.5,31.5,FALSE
3/11/2013,37.04,73.04,11.5,9957.5,26,27.5,31,37,FALSE
3/12/2013,37.04,73.04,11.5,9969,33,37.5,39,42.5,FALSE
3/13/2013,37.94,75.92,13,9982,36,46,50.5,52,FALSE
3/17/2013,42.08,69.08,9.5,9991.5,34,45.5,55.5,60,FALSE
3/19/2013,39.02,73.04,11.5,10003,34,45.5,57,67,FALSE
3/20/2013,51.98,66.92,9.5,10012.5,30.5,43.5,55,66.5,FALSE
3/21/2013,42.08,64.04,7,10019.5,28,37.5,50.5,62,FALSE
3/23/2013,37.94,68,9,10028.5,25.5,37,46.5,59.5,FALSE
3/24/2013,39.02,69.98,10,10038.5,26,35.5,47,56.5,FALSE
3/25/2013,42.08,66.02,8,10046.5,27,34,43.5,55,FALSE
4/1/2013,51.98,69.08,10.5,10057,28.5,37.5,44.5,54,FALSE
4/2/2013,46.94,69.98,10,10067,28.5,38.5,47.5,54.5,FALSE
4/3/2013,46.04,78.98,14.5,10081.5,35,43,53,62,FALSE
4/4/2013,51.08,68,9.5,10091,34,44.5,52.5,62.5,FALSE
4/5/2013,51.08,66.02,8.5,10099.5,32.5,42.5,53,61,FALSE
4/6/2013,48.02,66.92,8.5,10108,26.5,41,51,61.5,FALSE
4/7/2013,46.04,75.02,12.5,10120.5,29.5,39,53.5,63.5,FALSE
4/8/2013,46.94,69.08,9.5,10130,30.5,39,48.5,63,FALSE
4/9/2013,46.04,73.94,12,10142,34,42.5,51,60.5,FALSE
4/10/2013,44.96,78.98,14.5,10156.5,36,48.5,57,65.5,FALSE
4/11/2013,42.08,84.02,15,10171.5,41.5,51,63.5,72,FALSE
4/12/2013,42.98,84.02,15,10186.5,44.5,56.5,66,78.5,FALSE
4/13/2013,44.96,71.06,10.5,10197,40.5,55,67,76.5,FALSE
4/14/2013,42.08,71.06,10.5,10207.5,36,51,65.5,77.5,FALSE
4/15/2013,44.96,62.06,6,10213.5,27,42,57,71.5,FALSE
4/16/2013,37.04,66.02,8,10221.5,24.5,35,50,65,FALSE
4/17/2013,42.08,69.08,9.5,10231,23.5,34,44.5,59.5,FALSE
4/18/2013,41,75.02,12.5,10243.5,30,36,46.5,57,FALSE
4/19/2013,44.96,82.94,15,10258.5,37,45,51,61.5,FALSE
4/29/2013,48.92,89.96,15,10273.5,42.5,52,60,66,FALSE
5/1/2013,51.98,84.02,16,10289.5,46,58.5,68,76,FALSE
5/2/2013,51.08,91.04,15.5,10305,46.5,61.5,74,83.5,FALSE
5/3/2013,51.98,89.06,16,10321,47.5,62.5,77.5,90,FALSE
5/4/2013,53.06,87.98,16.5,10337.5,48,64,79,94,FALSE
5/5/2013,46.04,71.96,11,10348.5,43.5,59,75,90,FALSE
5/6/2013,48.02,60.08,5,10353.5,32.5,48.5,64,80,FALSE
5/7/2013,53.96,73.04,13.5,10367,29.5,46,62,77.5,FALSE
5/8/2013,48.02,69.08,9.5,10376.5,28,39,55.5,71.5,FALSE
5/10/2013,53.06,73.04,13,10389.5,36,41,52,68.5,FALSE
5/11/2013,51.98,87.08,16,10405.5,38.5,52,57,68,FALSE
5/12/2013,51.98,87.08,16,10421.5,45,54.5,68,73,FALSE
5/13/2013,51.98,87.08,16,10437.5,48,61,70.5,84,FALSE
5/14/2013,50,86,15,10452.5,47,63,76,85.5,FALSE
5/16/2013,46.94,73.94,12,10464.5,43,59,75,88,FALSE
5/17/2013,51.08,71.06,11,10475.5,38,54,70,86,FALSE
5/18/2013,44.06,75.02,12.5,10488,35.5,50.5,66.5,82.5,FALSE
5/19/2013,48.02,80.96,15,10503,38.5,50.5,65.5,81.5,FALSE
5/20/2013,48.02,89.06,15,10518,42.5,53.5,65.5,80.5,FALSE
5/22/2013,46.94,89.06,15,10533,45,57.5,68.5,80.5,FALSE
5/23/2013,42.08,69.08,9.5,10542.5,39.5,54.5,67,78,FALSE
5/24/2013,42.98,71.06,10.5,10553,35,50,65,77.5,FALSE
5/25/2013,44.06,69.98,10,10563,30,45,60,75,FALSE
5/26/2013,50,73.04,11.5,10574.5,32,41.5,56.5,71.5,FALSE
5/28/2013,50,73.04,11.5,10586,33,43.5,53,68,FALSE
5/30/2013,46.04,77,13.5,10599.5,36.5,46.5,57,66.5,FALSE
6/1/2013,46.04,91.94,15,10614.5,40,51.5,61.5,72,FALSE
6/3/2013,46.04,73.94,12,10626.5,40.5,52,63.5,73.5,FALSE
6/4/2013,46.04,91.94,15,10641.5,42,55.5,67,78.5,FALSE
6/5/2013,46.04,84.92,15,10656.5,42,57,70.5,82,FALSE
6/6/2013,53.96,80.96,17,10673.5,47,59,74,87.5,FALSE
6/7/2013,53.96,91.94,17,10690.5,49,64,76,91,FALSE
6/8/2013,57.92,93.92,19,10709.5,53,68,83,95,TRUE
6/9/2013,51.08,82.04,15.5,10725,51.5,68.5,83.5,98.5,TRUE
6/10/2013,55.04,71.06,13,10738,47.5,64.5,81.5,96.5,FALSE
6/11/2013,55.04,75.92,15.5,10753.5,44,63,80,97,FALSE
6/12/2013,50,78.98,14.5,10768,43,58.5,77.5,94.5,FALSE
6/13/2013,46.94,80.96,15,10783,45,58,73.5,92.5,FALSE
6/15/2013,50,87.08,15,10798,44.5,60,73,88.5,FALSE
6/17/2013,46.94,87.08,15,10813,45,59.5,75,88,FALSE
6/18/2013,46.94,87.08,15,10828,45,60,74.5,90,FALSE
6/19/2013,51.08,73.94,12.5,10840.5,42.5,57.5,72.5,87,FALSE
6/20/2013,48.02,78.98,14.5,10855,42,57,72,87,FALSE
6/21/2013,48.92,82.94,15,10870,42,57,72,87,FALSE
6/23/2013,51.08,86,15.5,10885.5,45,57.5,72.5,87.5,FALSE
6/24/2013,60.98,69.08,15,10900.5,45.5,60,72.5,87.5,FALSE
6/25/2013,60.98,75.92,18.5,10919,49,64,78.5,91,FALSE
6/26/2013,57.92,87.98,19,10938,52.5,68,83,97.5,TRUE
6/28/2013,60.08,96.98,20,10958,57.5,72.5,88,103,TRUE
6/29/2013,60.08,98.96,20,10978,59,77.5,92.5,108,TRUE
6/30/2013,69.08,93.92,24.5,11002.5,64.5,83.5,102,117,TRUE
7/1/2013,68,95,24,11026.5,68.5,88.5,107.5,126,TRUE
7/2/2013,66.92,93.92,23.5,11050,72,92,112,131,TRUE
7/3/2013,62.06,93.02,21,11071,68.5,93,113,133,TRUE
7/4/2013,57.92,-1767.82,0,11071,44.5,68.5,93,113,FALSE
7/5/2013,57.92,-1767.82,0,11071,21,44.5,68.5,93,FALSE
7/7/2013,50,84.02,15,11086,15,36,59.5,83.5,FALSE
7/8/2013,50,87.08,15,11101,30,30,51,74.5,FALSE
7/9/2013,55.04,91.94,17.5,11118.5,47.5,47.5,47.5,68.5,FALSE
7/10/2013,55.94,82.94,18,11136.5,50.5,65.5,65.5,65.5,FALSE
7/11/2013,60.08,80.96,20,11156.5,55.5,70.5,85.5,85.5,TRUE
7/12/2013,51.98,82.04,16,11172.5,54,71.5,86.5,101.5,TRUE
7/13/2013,51.98,86,16,11188.5,52,70,87.5,102.5,TRUE
7/14/2013,53.96,80.96,17,11205.5,49,69,87,104.5,TRUE
7/15/2013,53.96,77,15.5,11221,48.5,64.5,84.5,102.5,TRUE
7/16/2013,55.04,75.02,15,11236,47.5,63.5,79.5,99.5,FALSE
7/17/2013,55.04,78.08,16.5,11252.5,47,64,80,96,FALSE
7/18/2013,55.94,84.92,18,11270.5,49.5,65,82,98,TRUE
7/19/2013,55.04,84.02,17.5,11288,52,67,82.5,99.5,TRUE
7/20/2013,57.92,87.98,19,11307,54.5,71,86,101.5,TRUE
7/21/2013,53.96,87.08,17,11324,53.5,71.5,88,103,TRUE
7/22/2013,53.96,87.98,17,11341,53,70.5,88.5,105,TRUE
7/23/2013,62.96,84.02,21.5,11362.5,55.5,74.5,92,110,TRUE
7/24/2013,59,87.98,19.5,11382,58,75,94,111.5,TRUE
7/25/2013,57.02,84.92,18.5,11400.5,59.5,76.5,93.5,112.5,TRUE
7/26/2013,57.02,84.92,18.5,11419,56.5,78,95,112,TRUE
7/27/2013,57.02,84.92,18.5,11437.5,55.5,75,96.5,113.5,TRUE
7/28/2013,55.94,82.94,18,11455.5,55,73.5,93,114.5,TRUE
7/29/2013,51.08,82.94,15.5,11471,52,70.5,89,108.5,TRUE
7/30/2013,51.98,80.96,16,11487,49.5,68,86.5,105,TRUE
7/31/2013,53.96,80.06,17,11504,48.5,66.5,85,103.5,TRUE
8/1/2013,59,75.92,17.5,11521.5,50.5,66,84,102.5,TRUE
8/2/2013,60.08,78.08,19,11540.5,53.5,69.5,85,103,TRUE
8/3/2013,50,82.94,15,11555.5,51.5,68.5,84.5,100,TRUE
8/4/2013,50,82.94,15,11570.5,49,66.5,83.5,99.5,TRUE
8/5/2013,57.02,77,17,11587.5,47,66,83.5,100.5,TRUE
8/6/2013,57.02,75.92,16.5,11604,48.5,63.5,82.5,100,TRUE
8/7/2013,57.02,75.92,16.5,11620.5,50,65,80,99,FALSE
8/8/2013,55.94,77,16.5,11637,49.5,66.5,81.5,96.5,FALSE
8/9/2013,59,77,18,11655,51,67.5,84.5,99.5,TRUE
8/10/2013,59,77,18,11673,52.5,69,85.5,102.5,TRUE
8/11/2013,60.08,80.06,20,11693,56,72.5,89,105.5,TRUE
8/12/2013,55.94,82.04,18,11711,56,74,90.5,107,TRUE
8/13/2013,53.06,89.06,16.5,11727.5,54.5,72.5,90.5,107,TRUE
8/14/2013,53.06,82.04,16.5,11744,51,71,89,107,TRUE
8/15/2013,60.98,82.04,20.5,11764.5,53.5,71.5,91.5,109.5,TRUE
8/16/2013,60.08,84.92,20,11784.5,57,73.5,91.5,111.5,TRUE
8/17/2013,57.92,78.98,18.5,11803,59,75.5,92,110,TRUE
8/18/2013,60.98,82.04,20.5,11823.5,59,79.5,96,112.5,TRUE
8/19/2013,62.96,91.94,21.5,11845,60.5,80.5,101,117.5,TRUE
8/20/2013,51.98,91.04,16,11861,58,76.5,96.5,117,TRUE
8/21/2013,55.04,91.94,17.5,11878.5,55,75.5,94,114,TRUE
8/22/2013,51.08,80.96,15.5,11894,49,70.5,91,109.5,TRUE
8/23/2013,59,75.92,17.5,11911.5,50.5,66.5,88,108.5,TRUE
8/24/2013,60.08,77,18.5,11930,51.5,69,85,106.5,TRUE
8/25/2013,53.06,84.92,16.5,11946.5,52.5,68,85.5,101.5,TRUE
8/26/2013,62.06,78.08,20,11966.5,55,72.5,88,105.5,TRUE
8/27/2013,53.06,82.94,16.5,11983,53,71.5,89,104.5,TRUE
8/28/2013,57.02,80.96,18.5,12001.5,55,71.5,90,107.5,TRUE
8/29/2013,57.02,80.96,18.5,12020,53.5,73.5,90,108.5,TRUE
8/30/2013,60.98,89.96,20.5,12040.5,57.5,74,94,110.5,TRUE
8/31/2013,57.02,89.06,18.5,12059,57.5,76,92.5,112.5,TRUE
9/1/2013,62.96,80.06,21.5,12080.5,60.5,79,97.5,114,TRUE
9/2/2013,64.94,82.04,22.5,12103,62.5,83,101.5,120,TRUE
9/3/2013,57.92,78.98,18.5,12121.5,62.5,81,101.5,120,TRUE
9/4/2013,55.04,78.98,17,12138.5,58,79.5,98,118.5,TRUE
9/5/2013,53.96,78.98,16.5,12155,52,74.5,96,114.5,TRUE
9/6/2013,51.98,89.06,16,12171,49.5,68,90.5,112,TRUE
9/7/2013,51.98,91.94,16,12187,48.5,65.5,84,106.5,TRUE
9/8/2013,57.92,96.98,19,12206,51,67.5,84.5,103,TRUE
9/9/2013,57.02,95,18.5,12224.5,53.5,69.5,86,103,TRUE
9/10/2013,55.94,91.94,18,12242.5,55.5,71.5,87.5,104,TRUE
9/11/2013,57.02,78.08,17.5,12260,54,73,89,105,TRUE
9/12/2013,62.06,77,19.5,12279.5,55,73.5,92.5,108.5,TRUE
9/13/2013,60.08,78.98,19.5,12299,56.5,74.5,93,112,TRUE
9/14/2013,62.06,80.06,21,12320,60,77.5,95.5,114,TRUE
9/15/2013,57.02,78.98,18,12338,58.5,78,95.5,113.5,TRUE
9/16/2013,53.06,80.96,16.5,12354.5,55.5,75,94.5,112,TRUE
9/17/2013,53.96,75.92,15,12369.5,49.5,70.5,90,109.5,TRUE
9/18/2013,53.96,75.92,15,12384.5,46.5,64.5,85.5,105,TRUE
9/19/2013,48.92,87.98,15,12399.5,45,61.5,79.5,100.5,FALSE
9/20/2013,51.08,82.94,15.5,12415,45.5,60.5,77,95,FALSE
9/21/2013,51.08,82.94,15.5,12430.5,46,61,76,92.5,FALSE
9/22/2013,51.98,84.02,16,12446.5,47,62,77,92,FALSE
9/23/2013,50,82.94,15,12461.5,46.5,62,77,92,FALSE
9/24/2013,53.96,75.02,14.5,12476,45.5,61,76.5,91.5,FALSE
9/25/2013,50,75.02,12.5,12488.5,42,58,73.5,89,FALSE
9/26/2013,46.04,75.02,12.5,12501,39.5,54.5,70.5,86,FALSE
9/27/2013,44.06,75.92,13,12514,38,52.5,67.5,83.5,FALSE
9/28/2013,46.94,82.94,15,12529,40.5,53,67.5,82.5,FALSE
9/29/2013,51.98,75.92,14,12543,42,54.5,67,81.5,FALSE
9/30/2013,51.98,75.92,14,12557,43,56,68.5,81,FALSE
10/1/2013,46.94,73.94,12,12569,40,55,68,80.5,FALSE
10/2/2013,46.94,77,13.5,12582.5,39.5,53.5,68.5,81.5,FALSE
10/3/2013,46.94,71.96,11,12593.5,36.5,50.5,64.5,79.5,FALSE
10/4/2013,41,71.96,11,12604.5,35.5,47.5,61.5,75.5,FALSE
10/5/2013,46.04,84.02,15,12619.5,37,50.5,62.5,76.5,FALSE
10/6/2013,46.04,84.92,15,12634.5,41,52,65.5,77.5,FALSE
10/7/2013,46.04,82.04,15,12649.5,45,56,67,80.5,FALSE
10/8/2013,44.96,75.02,12.5,12662,42.5,57.5,68.5,79.5,FALSE
10/9/2013,44.96,75.02,12.5,12674.5,40,55,70,81,FALSE
10/10/2013,44.06,69.08,9.5,12684,34.5,49.5,64.5,79.5,FALSE
10/11/2013,42.08,68,9,12693,31,43.5,58.5,73.5,FALSE
10/12/2013,42.08,71.06,10.5,12703.5,29,41.5,54,69,FALSE
10/13/2013,42.08,71.06,10.5,12714,30,39.5,52,64.5,FALSE
10/14/2013,42.98,75.92,13,12727,34,43,52.5,65,FALSE
10/15/2013,48.92,78.08,14,12741,37.5,48,57,66.5,FALSE
10/16/2013,42.98,82.04,15,12756,42,52.5,63,72,FALSE
10/17/2013,44.06,82.04,15,12771,44,57,67.5,78,FALSE
10/18/2013,44.96,78.08,14,12785,44,58,71,81.5,FALSE
10/19/2013,44.06,80.06,15,12800,44,59,73,86,FALSE
10/20/2013,39.92,80.06,15,12815,44,59,74,88,FALSE
10/21/2013,44.06,80.06,15,12830,45,59,74,89,FALSE
10/22/2013,46.04,73.94,12,12842,42,57,71,86,FALSE
10/23/2013,48.92,69.98,10,12852,37,52,67,81,FALSE
10/24/2013,51.08,66.92,9,12861,31,46,61,76,FALSE
10/25/2013,46.94,69.08,9.5,12870.5,28.5,40.5,55.5,70.5,FALSE
10/26/2013,44.06,75.92,13,12883.5,31.5,41.5,53.5,68.5,FALSE
10/27/2013,44.96,64.04,7,12890.5,29.5,38.5,48.5,60.5,FALSE
10/28/2013,46.04,62.96,6.5,12897,26.5,36,45,55,FALSE
10/29/2013,46.04,62.96,6.5,12903.5,20,33,42.5,51.5,FALSE
10/30/2013,41,64.94,7.5,12911,20.5,27.5,40.5,50,FALSE
10/31/2013,41,69.98,10,12921,24,30.5,37.5,50.5,FALSE
11/1/2013,41,73.94,12,12933,29.5,36,42.5,49.5,FALSE
11/2/2013,41,73.94,12,12945,34,41.5,48,54.5,FALSE
11/3/2013,41,73.94,12,12957,36,46,53.5,60,FALSE
11/4/2013,33.98,75.02,12.5,12969.5,36.5,48.5,58.5,66,FALSE
11/5/2013,39.02,73.94,12,12981.5,36.5,48.5,60.5,70.5,FALSE
11/6/2013,39.02,73.94,12,12993.5,36.5,48.5,60.5,72.5,FALSE
11/7/2013,39.02,73.94,12,13005.5,36,48.5,60.5,72.5,FALSE
11/8/2013,39.02,73.94,12,13017.5,36,48,60.5,72.5,FALSE
11/9/2013,39.92,71.06,10.5,13028,34.5,46.5,58.5,71,FALSE
11/10/2013,41,73.04,11.5,13039.5,34,46,58,70,FALSE
11/11/2013,44.96,64.94,7.5,13047,29.5,41.5,53.5,65.5,FALSE
11/12/2013,53.06,69.98,11.5,13058.5,30.5,41,53,65,FALSE
11/13/2013,44.06,75.02,12.5,13071,31.5,43,53.5,65.5,FALSE
11/14/2013,48.02,64.94,7.5,13078.5,31.5,39,50.5,61,FALSE
11/15/2013,39.92,64.94,7.5,13086,27.5,39,46.5,58,FALSE
11/16/2013,37.94,62.06,6,13092,21,33.5,45,52.5,FALSE
11/17/2013,37.94,62.06,6,13098,19.5,27,39.5,51,FALSE
11/18/2013,39.02,62.96,6.5,13104.5,18.5,26,33.5,46,FALSE
11/19/2013,39.92,62.06,6,13110.5,18.5,24.5,32,39.5,FALSE
11/20/2013,39.92,62.06,6,13116.5,18.5,24.5,30.5,38,FALSE
11/21/2013,39.92,62.06,6,13122.5,18,24.5,30.5,36.5,FALSE
11/22/2013,33.98,64.94,7.5,13130,19.5,25.5,32,38,FALSE
11/23/2013,37.94,64.94,7.5,13137.5,21,27,33,39.5,FALSE
11/24/2013,37.04,62.96,6.5,13144,21.5,27.5,33.5,39.5,FALSE
11/25/2013,35.96,62.96,6.5,13150.5,20.5,28,34,40,FALSE
11/26/2013,37.04,60.98,5.5,13156,18.5,26,33.5,39.5,FALSE
11/27/2013,39.02,64.94,7.5,13163.5,19.5,26,33.5,41,FALSE
11/28/2013,42.98,66.02,8,13171.5,21,27.5,34,41.5,FALSE
11/29/2013,39.02,69.08,9.5,13181,25,30.5,37,43.5,FALSE
11/30/2013,37.94,64.04,7,13188,24.5,32,37.5,44,FALSE
12/1/2013,39.02,68,9,13197,25.5,33.5,41,46.5,FALSE
12/2/2013,39.02,62.06,6,13203,22,31.5,39.5,47,FALSE
12/3/2013,32,50,0,13203,15,22,31.5,39.5,FALSE
12/4/2013,30.02,50,0,13203,6,15,22,31.5,FALSE
12/5/2013,24.98,48.92,0,13203,0,6,15,22,FALSE
12/6/2013,24.98,50,0,13203,0,0,6,15,FALSE
12/7/2013,35.06,48.02,0,13203,0,0,0,6,FALSE
12/8/2013,28.04,46.94,0,13203,0,0,0,0,FALSE
12/9/2013,24.98,48.02,0,13203,0,0,0,0,FALSE
12/10/2013,24.08,50,0,13203,0,0,0,0,FALSE
12/11/2013,28.04,53.96,2,13205,2,2,2,2,FALSE
12/12/2013,28.04,57.02,3.5,13208.5,5.5,5.5,5.5,5.5,FALSE
12/13/2013,28.04,57.92,4,13212.5,9.5,9.5,9.5,9.5,FALSE
12/14/2013,28.04,60.08,5,13217.5,12.5,14.5,14.5,14.5,FALSE
12/15/2013,28.04,60.08,5,13222.5,14,17.5,19.5,19.5,FALSE
12/16/2013,35.06,64.04,7,13229.5,17,21,24.5,26.5,FALSE
12/17/2013,37.04,64.04,7,13236.5,19,24,28,31.5,FALSE
12/18/2013,42.08,60.98,5.5,13242,19.5,24.5,29.5,33.5,FALSE
12/19/2013,37.94,55.94,3,13245,15.5,22.5,27.5,32.5,FALSE
12/20/2013,30.92,57.92,4,13249,12.5,19.5,26.5,31.5,FALSE
12/21/2013,35.06,60.08,5,13254,12,17.5,24.5,31.5,FALSE
12/22/2013,33.98,64.94,7.5,13261.5,16.5,19.5,25,32,FALSE
12/23/2013,35.96,62.06,6,13267.5,18.5,22.5,25.5,31,FALSE
12/24/2013,37.04,66.92,8.5,13276,22,27,31,34,FALSE
12/25/2013,33.98,64.04,7,13283,21.5,29,34,38,FALSE
12/26/2013,33.98,64.94,7.5,13290.5,23,29,36.5,41.5,FALSE
12/27/2013,33.98,60.08,5,13295.5,19.5,28,34,41.5,FALSE
12/28/2013,33.98,64.04,7,13302.5,19.5,26.5,35,41,FALSE
12/29/2013,37.94,64.94,7.5,13310,19.5,27,34,42.5,FALSE
12/30/2013,33.08,68,9,13319,23.5,28.5,36,43,FALSE
12/31/2013,33.08,62.96,6.5,13325.5,23,30,35,42.5,FALSE
1/1/2014,33.08,62.96,6.5,13332,22,29.5,36.5,41.5,FALSE
1/2/2014,35.06,62.96,6.5,13338.5,19.5,28.5,36,43,FALSE
1/3/2014,37.94,66.02,8,13346.5,21,27.5,36.5,44,FALSE
1/4/2014,37.04,64.04,7,13353.5,21.5,28,34.5,43.5,FALSE
1/5/2014,33.08,62.96,6.5,13360,21.5,28,34.5,41,FALSE
1/6/2014,35.96,62.06,6,13366,19.5,27.5,34,40.5,FALSE
1/7/2014,35.96,62.06,6,13372,18.5,25.5,33.5,40,FALSE
1/8/2014,41,57.92,4,13376,16,22.5,29.5,37.5,FALSE
1/9/2014,39.92,57.02,3.5,13379.5,13.5,19.5,26,33,FALSE
1/10/2014,37.94,62.06,6,13385.5,13.5,19.5,25.5,32,FALSE
1/11/2014,39.92,57.02,3.5,13389,13,17,23,29,FALSE
1/12/2014,39.92,57.02,3.5,13392.5,13,16.5,20.5,26.5,FALSE
1/13/2014,39.92,64.94,7.5,13400,14.5,20.5,24,28,FALSE
1/14/2014,41,69.98,10,13410,21,24.5,30.5,34,FALSE
1/15/2014,42.08,69.98,10,13420,27.5,31,34.5,40.5,FALSE
1/16/2014,35.96,69.98,10,13430,30,37.5,41,44.5,FALSE
1/17/2014,35.06,69.08,9.5,13439.5,29.5,39.5,47,50.5,FALSE
1/18/2014,35.06,69.08,9.5,13449,29,39,49,56.5,FALSE
1/19/2014,33.98,69.08,9.5,13458.5,28.5,38.5,48.5,58.5,FALSE
1/20/2014,33.98,69.08,9.5,13468,28.5,38,48,58,FALSE
1/21/2014,35.06,66.02,8,13476,27,36.5,46,56,FALSE
1/22/2014,33.98,71.96,11,13487,28.5,38,47.5,57,FALSE
1/23/2014,37.04,64.04,7,13494,26,35.5,45,54.5,FALSE
1/24/2014,39.92,64.04,7,13501,25,33,42.5,52,FALSE
1/25/2014,42.08,69.98,10,13511,24,35,43,52.5,FALSE
1/26/2014,39.92,69.08,9.5,13520.5,26.5,33.5,44.5,52.5,FALSE
1/27/2014,37.94,69.08,9.5,13530,29,36,43,54,FALSE
1/28/2014,44.96,66.02,8,13538,27,37,44,51,FALSE
1/29/2014,44.96,66.92,8.5,13546.5,26,35.5,45.5,52.5,FALSE
1/30/2014,48.92,66.92,8.5,13555,25,34.5,44,54,FALSE
1/31/2014,39.02,59,4.5,13559.5,21.5,29.5,39,48.5,FALSE
2/1/2014,33.08,57.92,4,13563.5,17,25.5,33.5,43,FALSE
2/2/2014,42.08,53.96,2,13565.5,10.5,19,27.5,35.5,FALSE
2/3/2014,37.04,53.06,1.5,13567,7.5,12,20.5,29,FALSE
2/4/2014,33.08,55.04,2.5,13569.5,6,10,14.5,23,FALSE
2/5/2014,32,55.94,3,13572.5,7,9,13,17.5,FALSE
2/6/2014,44.06,53.06,1.5,13574,7,8.5,10.5,14.5,FALSE
2/7/2014,46.04,53.06,1.5,13575.5,6,8.5,10,12,FALSE
2/8/2014,51.08,60.98,6,13581.5,9,12,14.5,16,FALSE
2/9/2014,55.04,62.96,9,13590.5,16.5,18,21,23.5,FALSE
2/10/2014,50,59,4.5,13595,19.5,21,22.5,25.5,FALSE
2/11/2014,42.98,60.98,5.5,13600.5,19,25,26.5,28,FALSE
2/12/2014,42.98,64.94,7.5,13608,17.5,26.5,32.5,34,FALSE
2/13/2014,42.98,69.08,9.5,13617.5,22.5,27,36,42,FALSE
2/14/2014,51.08,66.92,9,13626.5,26,31.5,36,45,FALSE
2/15/2014,46.04,62.96,6.5,13633,25,32.5,38,42.5,FALSE
2/16/2014,46.94,64.04,7,13640,22.5,32,39.5,45,FALSE
2/17/2014,37.94,60.08,5,13645,18.5,27.5,37,44.5,FALSE
2/18/2014,37.94,64.04,7,13652,19,25.5,34.5,44,FALSE
2/19/2014,42.98,62.96,6.5,13658.5,18.5,25.5,32,41,FALSE
2/20/2014,39.92,64.94,7.5,13666,21,26,33,39.5,FALSE
2/21/2014,39.02,71.96,11,13677,25,32,37,44,FALSE
2/22/2014,39.92,71.06,10.5,13687.5,29,35.5,42.5,47.5,FALSE
2/23/2014,42.08,69.98,10,13697.5,31.5,39,45.5,52.5,FALSE
2/24/2014,41,73.94,12,13709.5,32.5,43.5,51,57.5,FALSE
2/25/2014,41,73.94,12,13721.5,34,44.5,55.5,63,FALSE
2/26/2014,41,59,4.5,13726,28.5,38.5,49,60,FALSE
2/27/2014,41,62.96,6.5,13732.5,23,35,45,55.5,FALSE
3/1/2014,51.08,64.04,7.5,13740,18.5,30.5,42.5,52.5,FALSE
3/2/2014,46.94,64.04,7,13747,21,25.5,37.5,49.5,FALSE
3/3/2014,46.94,66.92,8.5,13755.5,23,29.5,34,46,FALSE
3/4/2014,46.04,66.92,8.5,13764,24,31.5,38,42.5,FALSE
3/5/2014,50,69.08,9.5,13773.5,26.5,33.5,41,47.5,FALSE
3/6/2014,53.96,64.94,9.5,13783,27.5,36,43,50.5,FALSE
3/7/2014,42.98,68,9,13792,28,36.5,45,52,FALSE
3/8/2014,42.08,73.94,12,13804,30.5,40,48.5,57,FALSE
3/9/2014,53.06,78.08,15.5,13819.5,36.5,46,55.5,64,FALSE
3/10/2014,53.96,68,11,13830.5,38.5,47.5,57,66.5,FALSE
3/11/2014,46.04,68,9,13839.5,35.5,47.5,56.5,66,FALSE
3/12/2014,44.06,73.94,12,13851.5,32,47.5,59.5,68.5,FALSE
3/13/2014,42.08,75.92,13,13864.5,34,45,60.5,72.5,FALSE
3/14/2014,41,75.02,12.5,13877,37.5,46.5,57.5,73,FALSE
3/15/2014,41,78.08,14,13891,39.5,51.5,60.5,71.5,FALSE
3/16/2014,44.06,80.06,15,13906,41.5,54.5,66.5,75.5,FALSE
3/17/2014,44.06,80.06,15,13921,44,56.5,69.5,81.5,FALSE
3/18/2014,42.98,78.98,14.5,13935.5,44.5,58.5,71,84,FALSE
3/19/2014,42.98,78.08,14,13949.5,43.5,58.5,72.5,85,FALSE
3/20/2014,39.92,75.92,13,13962.5,41.5,56.5,71.5,85.5,FALSE
3/21/2014,39.92,75.92,13,13975.5,40,54.5,69.5,84.5,FALSE
3/22/2014,39.92,75.92,13,13988.5,39,53,67.5,82.5,FALSE
3/23/2014,44.06,71.06,10.5,13999,36.5,49.5,63.5,78,FALSE
3/24/2014,41,75.92,13,14012,36.5,49.5,62.5,76.5,FALSE
3/25/2014,42.08,66.92,8.5,14020.5,32,45,58,71,FALSE
3/26/2014,44.96,66.02,8,14028.5,29.5,40,53,66,FALSE
3/27/2014,46.94,64.94,7.5,14036,24,37,47.5,60.5,FALSE
3/28/2014,46.04,69.98,10,14046,25.5,34,47,57.5,FALSE
3/29/2014,46.04,62.96,6.5,14052.5,24,32,40.5,53.5,FALSE
3/30/2014,42.98,60.08,5,14057.5,21.5,29,37,45.5,FALSE
3/31/2014,42.98,60.08,5,14062.5,16.5,26.5,34,42,FALSE
4/1/2014,39.92,55.94,3,14065.5,13,19.5,29.5,37,FALSE
4/2/2014,39.92,51.08,0.5,14066,8.5,13.5,20,30,FALSE
4/3/2014,39.02,64.94,7.5,14073.5,11,16,21,27.5,FALSE
4/4/2014,37.94,64.94,7.5,14081,15.5,18.5,23.5,28.5,FALSE
4/5/2014,44.96,66.92,8.5,14089.5,23.5,24,27,32,FALSE
4/6/2014,42.08,75.92,13,14102.5,29,36.5,37,40,FALSE
4/7/2014,48.02,82.04,15,14117.5,36.5,44,51.5,52,FALSE
4/8/2014,51.98,84.92,16,14133.5,44,52.5,60,67.5,FALSE
4/9/2014,44.96,89.06,15,14148.5,46,59,67.5,75,FALSE
4/10/2014,46.94,82.04,15,14163.5,46,61,74,82.5,FALSE
4/11/2014,46.94,82.04,15,14178.5,45,61,76,89,FALSE
4/12/2014,48.92,71.96,11,14189.5,41,56,72,87,FALSE
4/13/2014,51.98,75.92,14,14203.5,40,55,70,86,FALSE
4/14/2014,46.04,77,13.5,14217,38.5,53.5,68.5,83.5,FALSE
4/15/2014,46.04,75.92,13,14230,40.5,51.5,66.5,81.5,FALSE
4/16/2014,48.02,80.06,15,14245,41.5,55.5,66.5,81.5,FALSE
4/17/2014,48.02,80.06,15,14260,43,56.5,70.5,81.5,FALSE
4/18/2014,46.94,75.02,12.5,14272.5,42.5,55.5,69,83,FALSE
4/19/2014,46.94,69.98,10,14282.5,37.5,52.5,65.5,79,FALSE
4/20/2014,44.96,75.02,12.5,14295,35,50,65,78,FALSE
4/21/2014,44.06,80.06,15,14310,37.5,50,65,80,FALSE
4/22/2014,42.98,80.06,15,14325,42.5,52.5,65,80,FALSE
4/23/2014,41,80.96,15,14340,45,57.5,67.5,80,FALSE
4/24/2014,46.04,71.96,11,14351,41,56,68.5,78.5,FALSE
4/25/2014,51.98,64.94,8.5,14359.5,34.5,49.5,64.5,77,FALSE
4/26/2014,44.96,62.96,6.5,14366,26,41,56,71,FALSE
4/27/2014,44.06,68,9,14375,24,35,50,65,FALSE
4/28/2014,42.98,73.94,12,14387,27.5,36,47,62,FALSE
4/30/2014,53.06,91.94,16.5,14403.5,37.5,44,52.5,63.5,FALSE
5/1/2014,53.06,93.92,16.5,14420,45,54,60.5,69,FALSE
5/2/2014,55.94,87.98,18,14438,51,63,72,78.5,FALSE
5/3/2014,51.08,84.02,15.5,14453.5,50,66.5,78.5,87.5,FALSE
5/4/2014,48.02,71.96,11,14464.5,44.5,61,77.5,89.5,FALSE
5/5/2014,50,68,9,14473.5,35.5,53.5,70,86.5,FALSE
5/6/2014,44.96,71.06,10.5,14484,30.5,46,64,80.5,FALSE
5/7/2014,44.96,69.98,10,14494,29.5,40.5,56,74,FALSE
5/8/2014,46.94,68,9,14503,29.5,38.5,49.5,65,FALSE
5/9/2014,57.02,69.98,13.5,14516.5,32.5,43,52,63,FALSE
5/10/2014,44.06,69.98,10,14526.5,32.5,42.5,53,62,FALSE
5/11/2014,55.94,78.08,17,14543.5,40.5,49.5,59.5,70,FALSE
5/12/2014,44.96,87.08,15,14558.5,42,55.5,64.5,74.5,FALSE
5/13/2014,57.92,95,19,14577.5,51,61,74.5,83.5,FALSE
5/14/2014,55.04,95,17.5,14595,51.5,68.5,78.5,92,FALSE
5/15/2014,55.04,91.94,17.5,14612.5,54,69,86,96,TRUE
5/16/2014,51.08,87.98,15.5,14628,50.5,69.5,84.5,101.5,TRUE
5/17/2014,50,87.08,15,14643,48,65.5,84.5,99.5,TRUE
5/18/2014,48.02,87.98,15,14658,45.5,63,80.5,99.5,FALSE
5/19/2014,50,87.98,15,14673,45,60.5,78,95.5,FALSE
5/20/2014,46.94,78.08,14,14687,44,59,74.5,92,FALSE
5/21/2014,50,78.08,14,14701,43,58,73,88.5,FALSE
5/22/2014,53.06,78.98,16,14717,44,59,74,89,FALSE
5/23/2014,53.06,80.96,16.5,14733.5,46.5,60.5,75.5,90.5,FALSE
5/24/2014,53.06,80.96,16.5,14750,49,63,77,92,FALSE
5/25/2014,51.08,87.08,15.5,14765.5,48.5,64.5,78.5,92.5,FALSE
5/26/2014,50,86,15,14780.5,47,63.5,79.5,93.5,FALSE
5/27/2014,48.92,78.08,14,14794.5,44.5,61,77.5,93.5,FALSE
5/28/2014,46.94,78.98,14.5,14809,43.5,59,75.5,92,FALSE
5/29/2014,55.94,84.02,18,14827,46.5,61.5,77,93.5,FALSE
5/30/2014,46.04,75.02,12.5,14839.5,45,59,74,89.5,FALSE
5/31/2014,46.04,78.98,14.5,14854,45,59.5,73.5,88.5,FALSE
6/1/2014,48.92,84.92,15,14869,42,60,74.5,88.5,FALSE
6/2/2014,48.02,82.04,15,14884,44.5,57,75,89.5,FALSE
6/3/2014,48.92,82.04,15,14899,45,59.5,72,90,FALSE
6/4/2014,50,86,15,14914,45,60,74.5,87,FALSE
6/5/2014,57.92,86,19,14933,49,64,79,93.5,FALSE
6/6/2014,55.04,87.08,17.5,14950.5,51.5,66.5,81.5,96.5,FALSE
6/7/2014,50,86,15,14965.5,51.5,66.5,81.5,96.5,FALSE
6/8/2014,50,96.98,15,14980.5,47.5,66.5,81.5,96.5,FALSE
6/9/2014,60.08,96.08,20,15000.5,50,67.5,86.5,101.5,TRUE
6/10/2014,55.94,89.96,18,15018.5,53,68,85.5,104.5,TRUE
6/11/2014,51.98,80.06,16,15034.5,54,69,84,101.5,TRUE
6/12/2014,53.96,73.94,14,15048.5,48,68,83,98,TRUE
6/13/2014,48.02,82.04,15,15063.5,45,63,83,98,TRUE
6/14/2014,48.02,87.08,15,15078.5,44,60,78,98,FALSE
6/15/2014,48.02,87.98,15,15093.5,45,59,75,93,FALSE
6/16/2014,53.06,73.04,13,15106.5,43,58,72,88,FALSE
6/17/2014,48.02,78.98,14.5,15121,42.5,57.5,72.5,86.5,FALSE
6/18/2014,50,89.06,15,15136,42.5,57.5,72.5,87.5,FALSE
6/19/2014,50,89.06,15,15151,44.5,57.5,72.5,87.5,FALSE
6/20/2014,51.08,87.08,15.5,15166.5,45.5,60,73,88,FALSE
6/21/2014,48.92,89.06,15,15181.5,45.5,60.5,75,88,FALSE
6/22/2014,48.92,89.06,15,15196.5,45.5,60.5,75.5,90,FALSE
6/23/2014,50,82.04,15,15211.5,45,60.5,75.5,90.5,FALSE
6/24/2014,53.96,82.94,17,15228.5,47,62,77.5,92.5,FALSE
6/25/2014,51.98,82.04,16,15244.5,48,63,78,93.5,FALSE
6/27/2014,55.94,80.06,18,15262.5,51,66,81,96,FALSE
6/28/2014,57.02,80.96,18.5,15281,52.5,69.5,84.5,99.5,TRUE
6/29/2014,53.06,91.04,16.5,15297.5,53,69,86,101,TRUE
6/30/2014,57.92,96.08,19,15316.5,54,72,88,105,TRUE
7/1/2014,55.04,96.08,17.5,15334,53,71.5,89.5,105.5,TRUE
7/2/2014,57.92,86,19,15353,55.5,72,90.5,108.5,TRUE
7/3/2014,57.02,86,18.5,15371.5,55,74,90.5,109,TRUE
7/4/2014,53.96,87.08,17,15388.5,54.5,72,91,107.5,TRUE
7/5/2014,53.06,87.08,16.5,15405,52,71,88.5,107.5,TRUE
7/6/2014,53.06,89.06,16.5,15421.5,50,68.5,87.5,105,TRUE
7/7/2014,53.96,87.98,17,15438.5,50,67,85.5,104.5,TRUE
7/8/2014,53.06,89.06,16.5,15455,50,66.5,83.5,102,TRUE
7/9/2014,55.04,80.96,17.5,15472.5,51,67.5,84,101,TRUE
7/10/2014,55.04,78.08,16.5,15489,50.5,67.5,84,100.5,TRUE
7/11/2014,53.96,78.98,16.5,15505.5,50.5,67,84,100.5,TRUE
7/12/2014,53.96,78.98,16.5,15522,49.5,67,83.5,100.5,TRUE
7/13/2014,53.96,82.94,17,15539,50,66.5,84,100.5,TRUE
7/14/2014,53.96,87.08,17,15556,50.5,67,83.5,101,TRUE
7/15/2014,53.96,87.08,17,15573,51,67.5,84,100.5,TRUE
7/16/2014,55.04,87.08,17.5,15590.5,51.5,68.5,85,101.5,TRUE
7/17/2014,55.04,87.08,17.5,15608,52,69,86,102.5,TRUE
7/18/2014,55.04,87.08,17.5,15625.5,52.5,69.5,86.5,103.5,TRUE
7/19/2014,59,82.04,19.5,15645,54.5,72,89,106,TRUE
7/20/2014,59,82.94,19.5,15664.5,56.5,74,91.5,108.5,TRUE
7/21/2014,53.96,84.02,17,15681.5,56,73.5,91,108.5,TRUE
7/22/2014,62.06,82.94,21,15702.5,57.5,77,94.5,112,TRUE
7/23/2014,57.02,82.94,18.5,15721,56.5,76,95.5,113,TRUE
7/24/2014,55.94,91.04,18,15739,57.5,74.5,94,113.5,TRUE
7/25/2014,57.02,96.98,18.5,15757.5,55,76,93,112.5,TRUE
7/26/2014,57.02,96.98,18.5,15776,55,73.5,94.5,111.5,TRUE
7/27/2014,66.02,91.94,23,15799,60,78,96.5,117.5,TRUE
7/28/2014,59,91.04,19.5,15818.5,61,79.5,97.5,116,TRUE
7/29/2014,66.02,89.06,23,15841.5,65.5,84,102.5,120.5,TRUE
7/30/2014,60.98,89.06,20.5,15862,63,86,104.5,123,TRUE
7/31/2014,59,89.06,19.5,15881.5,63,82.5,105.5,124,TRUE
8/1/2014,69.08,91.04,24.5,15906,64.5,87.5,107,130,TRUE
8/2/2014,64.94,89.06,22.5,15928.5,66.5,87,110,129.5,TRUE
8/3/2014,57.92,84.02,19,15947.5,66,85.5,106,129,TRUE
8/4/2014,57.02,84.02,18.5,15966,60,84.5,104,124.5,TRUE
8/5/2014,60.98,82.94,20.5,15986.5,58,80.5,105,124.5,TRUE
8/6/2014,60.08,84.02,20,16006.5,59,78,100.5,125,TRUE
8/7/2014,62.06,87.08,21,16027.5,61.5,80,99,121.5,TRUE
8/8/2014,60.98,87.98,20.5,16048,61.5,82,100.5,119.5,TRUE
8/9/2014,60.08,82.94,20,16068,61.5,81.5,102,120.5,TRUE
8/10/2014,62.06,89.06,21,16089,61.5,82.5,102.5,123,TRUE
8/11/2014,55.04,86,17.5,16106.5,58.5,79,100,120,TRUE
8/12/2014,55.04,86,17.5,16124,56,76,96.5,117.5,TRUE
8/13/2014,53.96,87.08,17,16141,52,73,93,113.5,TRUE
8/14/2014,55.04,86,17.5,16158.5,52,69.5,90.5,110.5,TRUE
8/15/2014,53.96,84.92,17,16175.5,51.5,69,86.5,107.5,TRUE
8/16/2014,55.94,86,18,16193.5,52.5,69.5,87,104.5,TRUE
8/17/2014,53.96,82.94,17,16210.5,52,69.5,86.5,104,TRUE
8/18/2014,55.04,82.94,17.5,16228,52.5,69.5,87,104,TRUE
8/19/2014,53.96,86,17,16245,51.5,69.5,86.5,104,TRUE
8/20/2014,55.04,84.02,17.5,16262.5,52,69,87,104,TRUE
8/21/2014,57.92,84.92,19,16281.5,53.5,71,88,106,TRUE
8/22/2014,57.02,84.02,18.5,16300,55,72,89.5,106.5,TRUE
8/23/2014,55.94,84.92,18,16318,55.5,73,90,107.5,TRUE
8/24/2014,55.04,84.92,17.5,16335.5,54,73,90.5,107.5,TRUE
8/25/2014,57.92,78.08,18,16353.5,53.5,72,91,108.5,TRUE
8/26/2014,53.06,80.06,16.5,16370,52,70,88.5,107.5,TRUE
8/27/2014,53.06,87.08,16.5,16386.5,51,68.5,86.5,105,TRUE
8/28/2014,55.04,87.98,17.5,16404,50.5,68.5,86,104,TRUE
8/29/2014,55.94,91.04,18,16422,52,68.5,86.5,104,TRUE
8/30/2014,53.06,89.06,16.5,16438.5,52,68.5,85,103,TRUE
8/31/2014,53.96,84.92,17,16455.5,51.5,69,85.5,102,TRUE
9/1/2014,60.98,91.04,20.5,16476,54,72,89.5,106,TRUE
9/2/2014,55.94,91.04,18,16494,55.5,72,90,107.5,TRUE
9/3/2014,57.92,84.92,19,16513,57.5,74.5,91,109,TRUE
9/4/2014,57.02,84.02,18.5,16531.5,55.5,76,93,109.5,TRUE
9/5/2014,55.04,80.06,17.5,16549,55,73,93.5,110.5,TRUE
9/6/2014,57.02,80.06,18.5,16567.5,54.5,73.5,91.5,112,TRUE
9/7/2014,57.02,78.08,17.5,16585,53.5,72,91,109,TRUE
9/8/2014,57.92,75.92,17,16602,53,70.5,89,108,TRUE
9/9/2014,57.02,75.02,16,16618,50.5,69,86.5,105,TRUE
9/10/2014,53.06,93.02,16.5,16634.5,49.5,67,85.5,103,TRUE
9/11/2014,53.06,91.94,16.5,16651,49,66,83.5,102,TRUE
9/12/2014,51.98,93.02,16,16667,49,65,82,99.5,TRUE
9/13/2014,51.98,91.94,16,16683,48.5,65,81,98,FALSE
9/14/2014,57.92,84.02,19,16702,51,67.5,84,100,TRUE
9/15/2014,57.92,80.06,19,16721,54,70,86.5,103,TRUE
9/16/2014,53.06,84.02,16.5,16737.5,54.5,70.5,86.5,103,TRUE
9/17/2014,55.94,86,18,16755.5,53.5,72.5,88.5,104.5,TRUE
9/18/2014,55.04,87.08,17.5,16773,52,71,90,106,TRUE
9/19/2014,55.94,86,18,16791,53.5,70,89,108,TRUE
9/20/2014,55.04,86,17.5,16808.5,53,71,87.5,106.5,TRUE
9/21/2014,62.96,77,20,16828.5,55.5,73,91,107.5,TRUE
9/22/2014,62.96,80.96,21.5,16850,59,77,94.5,112.5,TRUE
9/23/2014,57.02,82.04,18.5,16868.5,60,77.5,95.5,113,TRUE
9/24/2014,55.94,80.96,18,16886.5,58,78,95.5,113.5,TRUE
9/25/2014,57.02,82.04,18.5,16905,55,76.5,96.5,114,TRUE
9/26/2014,53.96,73.94,14,16919,50.5,69,90.5,110.5,TRUE
9/27/2014,53.96,75.92,15,16934,47.5,65.5,84,105.5,TRUE
9/28/2014,53.96,75.92,15,16949,44,62.5,80.5,99,FALSE
9/29/2014,51.98,75.02,13.5,16962.5,43.5,57.5,76,94,FALSE
9/30/2014,55.04,75.92,15.5,16978,44,59,73,91.5,FALSE
10/1/2014,53.06,84.02,16.5,16994.5,45.5,60.5,75.5,89.5,FALSE
10/2/2014,50,89.06,15,17009.5,47,60.5,75.5,90.5,FALSE
10/3/2014,50,93.02,15,17024.5,46.5,62,75.5,90.5,FALSE
10/4/2014,53.06,93.02,16.5,17041,46.5,63,78.5,92,FALSE
10/5/2014,53.96,93.02,17,17058,48.5,63.5,80,95.5,FALSE
10/6/2014,51.98,87.98,16,17074,49.5,64.5,79.5,96,FALSE
10/7/2014,51.98,89.96,16,17090,49,65.5,80.5,95.5,FALSE
10/8/2014,51.08,89.96,15.5,17105.5,47.5,64.5,81,96,FALSE
10/9/2014,53.06,80.06,16.5,17122,48,64,81,97.5,FALSE
10/10/2014,53.06,80.06,16.5,17138.5,48.5,64.5,80.5,97.5,FALSE
10/11/2014,51.98,80.06,16,17154.5,49,64.5,80.5,96.5,FALSE
10/12/2014,53.06,87.08,16.5,17171,49,65.5,81,97,FALSE
10/13/2014,51.98,89.06,16,17187,48.5,65,81.5,97,FALSE
10/14/2014,51.98,66.92,9.5,17196.5,42,58,74.5,91,FALSE
10/15/2014,59,73.04,16,17212.5,41.5,58,74,90.5,FALSE
10/16/2014,51.98,71.96,12,17224.5,37.5,53.5,70,86,FALSE
10/19/2014,48.92,78.08,14,17238.5,42,51.5,67.5,84,FALSE
10/20/2014,53.96,69.98,12,17250.5,38,54,63.5,79.5,FALSE
10/22/2014,50,73.94,12,17262.5,38,50,66,75.5,FALSE
10/23/2014,46.94,73.94,12,17274.5,36,50,62,78,FALSE
10/24/2014,50,77,13.5,17288,37.5,49.5,63.5,75.5,FALSE
10/26/2014,51.08,66.92,9,17297,34.5,46.5,58.5,72.5,FALSE
10/27/2014,44.06,69.98,10,17307,32.5,44.5,56.5,68.5,FALSE
10/28/2014,44.96,73.04,11.5,17318.5,30.5,44,56,68,FALSE
10/30/2014,53.06,75.92,14.5,17333,36,45,58.5,70.5,FALSE
10/31/2014,48.02,69.98,10,17343,36,46,55,68.5,FALSE
11/1/2014,50,62.06,6,17349,30.5,42,52,61,FALSE
11/2/2014,42.98,64.04,7,17356,23,37.5,49,59,FALSE
11/3/2014,39.92,68,9,17365,22,32,46.5,58,FALSE
11/4/2014,42.08,69.08,9.5,17374.5,25.5,31.5,41.5,56,FALSE
11/5/2014,48.02,75.02,12.5,17387,31,38,44,54,FALSE
11/6/2014,46.94,73.94,12,17399,34,43,50,56,FALSE
11/7/2014,44.96,71.06,10.5,17409.5,35,44.5,53.5,60.5,FALSE
11/8/2014,46.04,75.02,12.5,17422,35,47.5,57,66,FALSE
11/9/2014,50,77,13.5,17435.5,36.5,48.5,61,70.5,FALSE
11/10/2014,44.06,71.96,11,17446.5,37,47.5,59.5,72,FALSE
11/11/2014,51.08,68,9.5,17456,34,46.5,57,69,FALSE
11/12/2014,53.06,64.94,9,17465,29.5,43,55.5,66,FALSE
11/13/2014,53.96,66.02,10,17475,28.5,39.5,53,65.5,FALSE
11/14/2014,48.02,64.04,7,17482,26,35.5,46.5,60,FALSE
11/15/2014,44.06,64.94,7.5,17489.5,24.5,33.5,43,54,FALSE
11/16/2014,44.06,62.96,6.5,17496,21,31,40,49.5,FALSE
11/17/2014,37.94,64.94,7.5,17503.5,21.5,28.5,38.5,47.5,FALSE
11/18/2014,37.94,66.02,8,17511.5,22,29.5,36.5,46.5,FALSE
11/19/2014,51.08,66.02,8.5,17520,24,30.5,38,45,FALSE
11/20/2014,50,66.02,8,17528,24.5,32,38.5,46,FALSE
11/21/2014,44.96,62.06,6,17534,22.5,30.5,38,44.5,FALSE
11/22/2014,48.02,64.04,7,17541,21,29.5,37.5,45,FALSE
11/23/2014,44.06,62.96,6.5,17547.5,19.5,27.5,36,44,FALSE
11/24/2014,37.94,64.94,7.5,17555,21,27,35,43.5,FALSE
11/25/2014,39.02,66.02,8,17563,22,29,35,43,FALSE
11/27/2014,42.08,71.06,10.5,17573.5,26,32.5,39.5,45.5,FALSE
11/28/2014,35.06,69.08,9.5,17583,28,35.5,42,49,FALSE
11/29/2014,46.94,60.08,5,17588,25,33,40.5,47,FALSE
11/30/2014,48.92,57.92,4,17592,18.5,29,37,44.5,FALSE
12/2/2014,50,66.02,8,17600,17,26.5,37,45,FALSE
12/3/2014,48.02,64.94,7.5,17607.5,19.5,24.5,34,44.5,FALSE
12/4/2014,55.94,64.04,10,17617.5,25.5,29.5,34.5,44,FALSE
12/5/2014,53.06,64.04,8.5,17626,26,34,38,43,FALSE
12/6/2014,53.06,64.94,9,17635,27.5,35,43,47,FALSE
12/7/2014,48.92,64.04,7,17642,24.5,34.5,42,50,FALSE
12/8/2014,48.02,69.98,10,17652,26,34.5,44.5,52,FALSE
12/9/2014,50,64.04,7,17659,24,33,41.5,51.5,FALSE
12/10/2014,51.08,62.96,7,17666,24,31,40,48.5,FALSE
12/11/2014,51.08,62.96,7,17673,21,31,38,47,FALSE
12/12/2014,46.94,55.04,2.5,17675.5,16.5,23.5,33.5,40.5,FALSE
12/13/2014,48.92,50,0,17675.5,9.5,16.5,23.5,33.5,FALSE
12/14/2014,41,57.92,4,17679.5,6.5,13.5,20.5,27.5,FALSE
12/15/2014,48.02,55.04,2.5,17682,6.5,9,16,23,FALSE
12/16/2014,44.96,59,4.5,17686.5,11,11,13.5,20.5,FALSE
12/17/2014,44.06,59,4.5,17691,11.5,15.5,15.5,18,FALSE
12/18/2014,46.94,60.08,5,17696,14,16.5,20.5,20.5,FALSE
12/19/2014,44.96,55.94,3,17699,12.5,17,19.5,23.5,FALSE
12/20/2014,48.92,60.08,5,17704,13,17.5,22,24.5,FALSE
12/21/2014,53.06,60.98,7,17711,15,20,24.5,29,FALSE
12/22/2014,53.06,62.96,8,17719,20,23,28,32.5,FALSE
12/23/2014,42.98,68,9,17728,24,29,32,37,FALSE
12/24/2014,44.06,60.08,5,17733,22,29,34,37,FALSE
12/26/2014,35.06,60.08,5,17738,19,27,34,39,FALSE
12/27/2014,30.92,53.06,1.5,17739.5,11.5,20.5,28.5,35.5,FALSE
12/29/2014,39.92,55.94,3,17742.5,9.5,14.5,23.5,31.5,FALSE
12/31/2014,35.96,51.98,1,17743.5,5.5,10.5,15.5,24.5,FALSE
1/1/2015,30.02,51.98,1,17744.5,5,6.5,11.5,16.5,FALSE
1/4/2015,30.02,55.94,3,17747.5,5,8,9.5,14.5,FALSE
1/5/2015,37.04,57.02,3.5,17751,7.5,8.5,11.5,13,FALSE
1/6/2015,37.04,64.04,7,17758,13.5,14.5,15.5,18.5,FALSE
1/7/2015,37.94,68,9,17767,19.5,22.5,23.5,24.5,FALSE
1/9/2015,46.94,64.04,7,17774,23,26.5,29.5,30.5,FALSE
1/10/2015,41,62.96,6.5,17780.5,22.5,29.5,33,36,FALSE
1/11/2015,39.92,62.96,6.5,17787,20,29,36,39.5,FALSE
1/12/2015,39.92,62.96,6.5,17793.5,19.5,26.5,35.5,42.5,FALSE
1/13/2015,39.92,62.96,6.5,17800,19.5,26,33,42,FALSE
1/16/2015,37.04,66.92,8.5,17808.5,21.5,28,34.5,41.5,FALSE
1/17/2015,37.94,60.08,5,17813.5,20,26.5,33,39.5,FALSE
1/18/2015,46.04,64.04,7,17820.5,20.5,27,33.5,40,FALSE
1/19/2015,51.08,60.08,5.5,17826,17.5,26,32.5,39,FALSE
1/21/2015,39.02,60.98,5.5,17831.5,18,23,31.5,38,FALSE
1/24/2015,37.04,69.08,9.5,17841,20.5,27.5,32.5,41,FALSE
1/25/2015,37.04,69.08,9.5,17850.5,24.5,30,37,42,FALSE
1/30/2015,39.92,66.92,8.5,17859,27.5,33,38.5,45.5,FALSE
1/31/2015,42.08,71.06,10.5,17869.5,28.5,38,43.5,49,FALSE
2/1/2015,39.02,66.92,8.5,17878,27.5,37,46.5,52,FALSE
2/2/2015,37.94,66.92,8.5,17886.5,27.5,36,45.5,55,FALSE
2/3/2015,44.96,71.96,11,17897.5,28,38.5,47,56.5,FALSE
2/4/2015,42.98,73.04,11.5,17909,31,39.5,50,58.5,FALSE
2/5/2015,46.94,64.94,7.5,17916.5,30,38.5,47,57.5,FALSE
2/6/2015,55.94,62.96,9.5,17926,28.5,39.5,48,56.5,FALSE
2/7/2015,53.96,64.94,9.5,17935.5,26.5,38,49,57.5,FALSE
2/8/2015,57.02,64.04,10.5,17946,29.5,37,48.5,59.5,FALSE
2/9/2015,57.02,64.04,10.5,17956.5,30.5,40,47.5,59,FALSE
2/10/2015,42.08,64.04,7,17963.5,28,37.5,47,54.5,FALSE
2/11/2015,42.08,68,9,17972.5,26.5,37,46.5,56,FALSE
2/12/2015,39.92,73.04,11.5,17984,27.5,38,48.5,58,FALSE
2/13/2015,42.98,75.02,12.5,17996.5,33,40,50.5,61,FALSE
2/14/2015,44.06,73.94,12,18008.5,36,45,52,62.5,FALSE
2/15/2015,42.08,73.94,12,18020.5,36.5,48,57,64,FALSE
2/16/2015,44.06,73.04,11.5,18032,35.5,48,59.5,68.5,FALSE
2/18/2015,44.06,64.94,7.5,18039.5,31,43,55.5,67,FALSE
2/19/2015,44.06,64.94,7.5,18047,26.5,38.5,50.5,63,FALSE
2/20/2015,44.06,69.98,10,18057,25,36.5,48.5,60.5,FALSE
2/21/2015,41,69.98,10,18067,27.5,35,46.5,58.5,FALSE
2/22/2015,44.06,62.96,6.5,18073.5,26.5,34,41.5,53,FALSE
2/23/2015,37.94,62.06,6,18079.5,22.5,32.5,40,47.5,FALSE
2/25/2015,37.04,69.08,9.5,18089,22,32,42,49.5,FALSE
2/26/2015,37.04,71.06,10.5,18099.5,26,32.5,42.5,52.5,FALSE
3/1/2015,37.94,64.94,7.5,18107,27.5,33.5,40,50,FALSE
3/2/2015,39.92,60.98,5.5,18112.5,23.5,33,39,45.5,FALSE
3/3/2015,37.94,64.04,7,18119.5,20,30.5,40,46,FALSE
3/4/2015,37.94,66.92,8.5,18128,21,28.5,39,48.5,FALSE
3/5/2015,37.04,71.96,11,18139,26.5,32,39.5,50,FALSE
3/6/2015,37.94,73.04,11.5,18150.5,31,38,43.5,51,FALSE
3/7/2015,42.98,75.92,13,18163.5,35.5,44,51,56.5,FALSE
3/8/2015,42.98,75.92,13,18176.5,37.5,48.5,57,64,FALSE
3/9/2015,44.96,73.04,11.5,18188,37.5,49,60,68.5,FALSE
3/10/2015,48.92,75.02,12.5,18200.5,37,50,61.5,72.5,FALSE
3/11/2015,48.92,75.02,12.5,18213,36.5,49.5,62.5,74,FALSE
3/12/2015,46.04,73.04,11.5,18224.5,36.5,48,61,74,FALSE
3/13/2015,48.02,78.08,14,18238.5,38,50.5,62,75,FALSE
3/14/2015,51.08,87.08,15.5,18254,41,53.5,66,77.5,FALSE
3/15/2015,57.92,86,19,18273,48.5,60,72.5,85,FALSE
3/16/2015,48.02,69.98,10,18283,44.5,58.5,70,82.5,FALSE
3/17/2015,48.92,71.96,11,18294,40,55.5,69.5,81,FALSE
3/18/2015,50,71.06,10.5,18304.5,31.5,50.5,66,80,FALSE
3/19/2015,44.06,80.06,15,18319.5,36.5,46.5,65.5,81,FALSE
3/20/2015,44.96,78.08,14,18333.5,39.5,50.5,60.5,79.5,FALSE
3/21/2015,46.04,71.96,11,18344.5,40,50.5,61.5,71.5,FALSE
3/22/2015,46.94,73.04,11.5,18356,36.5,51.5,62,73,FALSE
3/23/2015,46.94,71.96,11,18367,33.5,47.5,62.5,73,FALSE
3/24/2015,46.04,69.98,10,18377,32.5,43.5,57.5,72.5,FALSE
3/25/2015,46.94,75.02,12.5,18389.5,33.5,45,56,70,FALSE
3/26/2015,46.94,84.92,15,18404.5,37.5,48.5,60,71,FALSE
3/27/2015,50,84.02,15,18419.5,42.5,52.5,63.5,75,FALSE
3/29/2015,42.98,82.04,15,18434.5,45,57.5,67.5,78.5,FALSE
3/30/2015,44.96,75.92,13,18447.5,43,58,70.5,80.5,FALSE
3/31/2015,44.96,69.08,9.5,18457,37.5,52.5,67.5,80,FALSE
4/1/2015,41,66.02,8,18465,30.5,45.5,60.5,75.5,FALSE
4/2/2015,39.92,69.08,9.5,18474.5,27,40,55,70,FALSE
4/3/2015,39.02,73.94,12,18486.5,29.5,39,52,67,FALSE
4/4/2015,37.94,73.94,12,18498.5,33.5,41.5,51,64,FALSE
4/5/2015,39.92,60.08,5,18503.5,29,38.5,46.5,56,FALSE
4/6/2015,37.04,62.06,6,18509.5,23,35,44.5,52.5,FALSE
4/7/2015,46.94,60.08,5,18514.5,16,28,40,49.5,FALSE
4/8/2015,42.98,64.04,7,18521.5,18,23,35,47,FALSE
4/9/2015,41,69.08,9.5,18531,21.5,27.5,32.5,44.5,FALSE
4/10/2015,41,71.06,10.5,18541.5,27,32,38,43,FALSE
4/11/2015,42.08,71.96,11,18552.5,31,38,43,49,FALSE
4/12/2015,46.04,78.08,14,18566.5,35.5,45,52,57,FALSE
4/13/2015,46.94,77,13.5,18580,38.5,49,58.5,65.5,FALSE
4/14/2015,46.04,77,13.5,18593.5,41,52,62.5,72,FALSE
4/15/2015,44.06,73.04,11.5,18605,38.5,52.5,63.5,74,FALSE
4/16/2015,46.04,78.08,14,18619,39,52.5,66.5,77.5,FALSE
4/17/2015,44.96,80.96,15,18634,40.5,54,67.5,81.5,FALSE
4/18/2015,46.04,80.06,15,18649,44,55.5,69,82.5,FALSE
4/19/2015,48.02,75.92,13,18662,43,57,68.5,82,FALSE
4/22/2015,50,68,9,18671,37,52,66,77.5,FALSE
4/23/2015,50,66.92,8.5,18679.5,30.5,45.5,60.5,74.5,FALSE
4/24/2015,46.04,68,9,18688.5,26.5,39.5,54.5,69.5,FALSE
4/25/2015,53.96,64.94,9.5,18698,27,36,49,64,FALSE
4/30/2015,64.04,87.98,22,18720,40.5,49,58,71,FALSE
5/1/2015,55.04,87.98,17.5,18737.5,49,58,66.5,75.5,FALSE
5/2/2015,50,87.98,15,18752.5,54.5,64,73,81.5,FALSE
5/3/2015,46.04,87.98,15,18767.5,47.5,69.5,79,88,FALSE
5/4/2015,46.04,68,9,18776.5,39,56.5,78.5,88,FALSE
5/5/2015,44.06,73.04,11.5,18788,35.5,50.5,68,90,FALSE
5/6/2015,42.08,71.96,11,18799,31.5,46.5,61.5,79,FALSE
5/7/2015,44.06,59,4.5,18803.5,27,36,51,66,FALSE
5/8/2015,46.04,69.98,10,18813.5,25.5,37,46,61,FALSE
5/9/2015,51.98,71.06,11.5,18825,26,37,48.5,57.5,FALSE
5/10/2015,51.98,71.06,11.5,18836.5,33,37.5,48.5,60,FALSE
5/11/2015,51.08,69.98,10.5,18847,33.5,43.5,48,59,FALSE
5/12/2015,42.98,66.92,8.5,18855.5,30.5,42,52,56.5,FALSE
5/13/2015,46.04,66.02,8,18863.5,27,38.5,50,60,FALSE
5/14/2015,48.92,66.02,8,18871.5,24.5,35,46.5,58,FALSE
5/15/2015,50,69.08,9.5,18881,25.5,34,44.5,56,FALSE
5/16/2015,46.94,69.08,9.5,18890.5,27,35,43.5,54,FALSE
5/17/2015,51.98,64.94,8.5,18899,27.5,35.5,43.5,52,FALSE
5/18/2015,51.08,66.92,9,18908,27,36.5,44.5,52.5,FALSE
5/19/2015,51.08,68,9.5,18917.5,27,36.5,46,54,FALSE
5/20/2015,51.98,66.92,9.5,18927,28,36.5,46,55.5,FALSE
5/21/2015,48.02,68,9,18936,28,37,45.5,55,FALSE
5/24/2015,46.94,73.94,12,18948,30.5,40,49,57.5,FALSE
5/25/2015,53.96,71.96,13,18961,34,43.5,53,62,FALSE
5/26/2015,51.98,71.96,12,18973,37,46,55.5,65,FALSE
5/30/2015,55.04,78.98,17,18990,42,54,63,72.5,FALSE
6/1/2015,50,75.02,12.5,19002.5,41.5,54.5,66.5,75.5,FALSE
6/2/2015,51.08,75.92,13.5,19016,43,55,68,80,FALSE
6/3/2015,50,77,13.5,19029.5,39.5,56.5,68.5,81.5,FALSE
6/4/2015,50,75.02,12.5,19042,39.5,52,69,81,FALSE
6/5/2015,48.92,80.96,15,19057,41,54.5,67,84,FALSE
6/6/2015,53.96,82.04,17,19074,44.5,58,71.5,84,FALSE
6/7/2015,59,87.08,19.5,19093.5,51.5,64,77.5,91,FALSE
6/8/2015,59,93.92,19.5,19113,56,71,83.5,97,TRUE
6/9/2015,53.06,93.02,16.5,19129.5,55.5,72.5,87.5,100,TRUE
6/10/2015,53.06,87.08,16.5,19146,52.5,72,89,104,TRUE
6/11/2015,57.92,80.06,19,19165,52,71.5,91,108,TRUE
6/12/2015,57.92,93.02,19,19184,54.5,71,90.5,110,TRUE
6/13/2015,57.92,89.06,19,19203,57,73.5,90,109.5,TRUE
6/14/2015,51.98,82.04,16,19219,54,73,89.5,106,TRUE
6/15/2015,51.98,82.04,16,19235,51,70,89,105.5,TRUE
6/16/2015,51.08,82.04,15.5,19250.5,47.5,66.5,85.5,104.5,TRUE
6/17/2015,51.98,86,16,19266.5,47.5,63.5,82.5,101.5,TRUE
6/19/2015,48.92,86,15,19281.5,46.5,62.5,78.5,97.5,FALSE
6/20/2015,48.92,86,15,19296.5,46,61.5,77.5,93.5,FALSE
6/21/2015,57.92,82.94,19,19315.5,49,65,80.5,96.5,FALSE
6/22/2015,55.04,82.04,17.5,19333,51.5,66.5,82.5,98,TRUE
6/23/2015,51.08,82.04,15.5,19348.5,52,67,82,98,TRUE
6/24/2015,55.04,82.04,17.5,19366,50.5,69.5,84.5,99.5,TRUE
6/25/2015,53.96,95,17,19383,50,67.5,86.5,101.5,TRUE
6/26/2015,60.08,91.04,20,19403,54.5,70,87.5,106.5,TRUE
6/27/2015,55.04,89.96,17.5,19420.5,54.5,72,87.5,105,TRUE
6/28/2015,53.06,87.98,16.5,19437,54,71,88.5,104,TRUE
6/29/2015,60.08,84.92,20,19457,54,74,91,108.5,TRUE
6/30/2015,60.08,98.96,20,19477,56.5,74,94,111,TRUE
7/5/2015,59,87.08,19.5,19496.5,59.5,76,93.5,113.5,TRUE
7/6/2015,60.08,80.06,20,19516.5,59.5,79.5,96,113.5,TRUE
7/7/2015,60.08,80.96,20,19536.5,59.5,79.5,99.5,116,TRUE
7/11/2015,55.94,77,16.5,19553,56.5,76,96,116,TRUE
7/12/2015,55.94,78.08,17,19570,53.5,73.5,93,113,TRUE
7/18/2015,55.94,87.08,18,19588,51.5,71.5,91.5,111,TRUE
7/28/2015,53.96,98.06,17,19605,52,68.5,88.5,108.5,TRUE
7/29/2015,53.96,96.98,17,19622,52,69,85.5,105.5,TRUE
8/4/2015,55.94,75.92,16,19638,50,68,85,101.5,TRUE
8/5/2015,57.92,82.94,19,19657,52,69,87,104,TRUE
8/10/2015,55.94,80.96,18,19675,53,70,87,105,TRUE
8/11/2015,55.94,86,18,19693,55,71,88,105,TRUE
8/16/2015,62.06,100.04,21,19714,57,76,92,109,FALSE
8/17/2015,60.98,100.04,20.5,19734.5,59.5,77.5,96.5,112.5,FALSE
8/23/2015,55.94,82.04,18,19752.5,59.5,77.5,95.5,114.5,FALSE
8/28/2015,60.08,96.98,20,19772.5,58.5,79.5,97.5,115.5,FALSE
8/29/2015,64.94,87.98,22.5,19795,60.5,81,102,120,FALSE
9/1/2015,53.96,86,17,19812,59.5,77.5,98,119,FALSE
9/2/2015,53.96,86,17,19829,56.5,76.5,94.5,115,TRUE
9/3/2015,55.04,75.92,15.5,19844.5,49.5,72,92,110,TRUE
9/4/2015,48.02,78.08,14,19858.5,46.5,63.5,86,106,TRUE
9/6/2015,48.02,87.08,15,19873.5,44.5,61.5,78.5,101,FALSE
9/9/2015,59,98.96,19.5,19893,48.5,64,81,98,FALSE
9/10/2015,62.06,98.96,21,19914,55.5,69.5,85,102,TRUE
9/15/2015,57.02,78.98,18,19932,58.5,73.5,87.5,103,TRUE
9/16/2015,48.92,78.98,14.5,19946.5,53.5,73,88,102,TRUE
9/18/2015,51.08,82.94,15.5,19962,48,69,88.5,103.5,TRUE
9/21/2015,60.98,96.98,20.5,19982.5,50.5,68.5,89.5,109,TRUE
10/1/2015,62.96,84.02,21.5,20004,57.5,72,90,111,TRUE
10/2/2015,53.06,82.94,16.5,20020.5,58.5,74,88.5,106.5,TRUE
10/3/2015,51.08,82.04,15.5,20036,53.5,74,89.5,104,TRUE
10/4/2015,48.02,80.06,15,20051,47,68.5,89,104.5,TRUE
10/7/2015,51.98,82.04,16,20067,46.5,63,84.5,105,TRUE
10/8/2015,53.96,86,17,20084,48,63.5,80,101.5,FALSE
10/9/2015,55.04,84.02,17.5,20101.5,50.5,65.5,81,97.5,FALSE
10/10/2015,53.06,80.96,16.5,20118,51,67,82,97.5,TRUE
10/15/2015,62.96,78.98,21,20139,55,72,88,103,TRUE
10/16/2015,62.06,78.98,20.5,20159.5,58,75.5,92.5,108.5,TRUE
10/21/2015,48.92,80.06,15,20174.5,56.5,73,90.5,107.5,TRUE
10/22/2015,48.92,80.06,15,20189.5,50.5,71.5,88,105.5,TRUE
10/26/2015,50,78.08,14,20203.5,44,64.5,85.5,102,TRUE
10/27/2015,50,75.92,13,20216.5,42,57,77.5,98.5,FALSE
10/28/2015,53.96,71.06,12.5,20229,39.5,54.5,69.5,90,FALSE
11/2/2015,53.06,64.94,9,20238,34.5,48.5,63.5,78.5,FALSE
11/3/2015,44.06,62.96,6.5,20244.5,28,41,55,70,FALSE
11/9/2015,42.08,60.98,5.5,20250,21,33.5,46.5,60.5,FALSE
11/14/2015,37.94,66.02,8,20258,20,29,41.5,54.5,FALSE
11/15/2015,37.94,59,4.5,20262.5,18,24.5,33.5,46,FALSE
11/20/2015,50,71.06,10.5,20273,23,28.5,35,44,FALSE
11/21/2015,44.06,68,9,20282,24,32,37.5,44,FALSE
11/26/2015,32,51.08,0.5,20282.5,20,24.5,32.5,38,FALSE
11/27/2015,30.92,53.06,1.5,20284,11,21.5,26,34,FALSE
12/2/2015,37.94,57.92,4,20288,6,15,25.5,30,FALSE
12/3/2015,39.92,59,4.5,20292.5,10,10.5,19.5,30,FALSE
12/8/2015,37.94,64.04,7,20299.5,15.5,17,17.5,26.5,FALSE
12/9/2015,37.04,66.92,8.5,20308,20,24,25.5,26,FALSE
12/14/2015,35.06,51.98,1,20309,16.5,21,25,26.5,FALSE
12/15/2015,35.06,53.06,1.5,20310.5,11,18,22.5,26.5,FALSE
12/16/2015,32,51.98,1,20311.5,3.5,12,19,23.5,FALSE
12/17/2015,39.02,57.02,3.5,20315,6,7,15.5,22.5,FALSE
12/18/2015,33.98,57.92,4,20319,8.5,10,11,19.5,FALSE
12/19/2015,46.94,53.96,2,20321,9.5,10.5,12,13,FALSE
12/20/2015,42.98,53.96,2,20323,8,11.5,12.5,14,FALSE
12/21/2015,48.02,57.02,3.5,20326.5,7.5,11.5,15,16,FALSE
12/22/2015,48.92,57.02,3.5,20330,9,11,15,18.5,FALSE
12/23/2015,42.08,57.92,4,20334,11,13,15,19,FALSE
12/24/2015,37.94,50,0,20334,7.5,11,13,15,FALSE
12/26/2015,30.02,50,0,20334,4,7.5,11,13,FALSE
12/27/2015,26.96,46.04,0,20334,0,4,7.5,11,FALSE
12/28/2015,39.02,46.04,0,20334,0,0,4,7.5,FALSE
12/29/2015,30.92,53.06,1.5,20335.5,1.5,1.5,1.5,5.5,FALSE
12/30/2015,30.02,55.04,2.5,20338,4,4,4,4,FALSE
12/31/2015,35.06,50,0,20338,4,4,4,4,FALSE
